student_id,name,gender,age,grade_level,math_score,reading_score,writing_score,attendance_rate,parent_education,study_hours,internet_access,lunch_type,extra_activities,final_result
S1,Student_1,Other,17,10,74,61,90,94.66000214445246,3,4.120192348160174,1,0,1,0
S2,Student_2,Male,17,12,99,70,91,93.17322709879534,2,2.8865054607810468,0,0,0,1
S3,Student_3,Other,17,9,59,60,99,98.63109828618964,4,1.90992641477416,0,0,0,0
S4,Student_4,Other,17,12,70,88,69,96.41962034598282,4,1.6647399984389968,0,1,0,1
S5,Student_5,Male,15,9,85,77,94,91.33210517810926,4,2.3309179060415164,1,0,0,1
S6,Student_6,Male,17,11,61,54,89,93.14060996468214,3,4.759697491542836,0,0,1,0
S7,Student_7,Other,16,9,76,66,88,97.9677293316807,2,2.372106850360097,1,0,0,1
S8,Student_8,Female,16,11,89,69,98,87.99037569173869,4,4.952496303818542,0,1,1,1
S9,Student_9,Other,17,12,51,90,72,86.53589411715555,1,2.9409218230614247,0,1,0,1
S10,Student_10,Other,17,11,62,95,96,80.21622167270392,2,1.7166556731606035,1,1,1,0
S11,Student_11,Other,16,12,81,61,81,96.53102148382928,1,4.564560367174037,1,0,1,1
S12,Student_12,Other,16,10,80,55,96,96.0196140080673,1,2.8414214925393075,0,0,1,1
S13,Student_13,Male,15,10,65,66,82,82.08909036200303,4,3.8386853740180977,0,0,1,1
S14,Student_14,Other,16,10,81,68,95,91.537147622654,4,4.934846332836607,1,1,1,0
S15,Student_15,Female,16,11,81,75,54,89.27963396333774,3,1.200701401279896,0,0,0,0
S16,Student_16,Male,17,10,83,97,92,82.37418191018223,3,1.3867782391502683,1,1,1,0
S17,Student_17,Female,16,9,60,93,97,99.61136454121448,3,3.8818269658510247,1,1,0,0
S18,Student_18,Female,15,12,59,93,83,84.29391774926711,2,2.127300013181888,0,1,1,0
S19,Student_19,Female,16,12,64,81,89,81.34468360181123,3,1.7372055878003962,1,1,1,1
S20,Student_20,Female,17,9,66,55,60,91.8969475900382,1,1.157447519278918,1,1,0,0
S21,Student_21,Male,17,11,89,85,99,94.77733354266066,3,1.0873868479448072,1,0,1,0
S22,Student_22,Male,16,11,67,87,52,80.64886892094374,4,4.097942412479164,0,0,1,1
S23,Student_23,Female,17,12,58,60,82,93.17435277454044,3,1.5377337094782,1,1,1,0
S24,Student_24,Female,15,10,74,82,60,90.64583751902909,2,2.870882463884604,0,0,1,1
S25,Student_25,Male,15,11,89,73,65,82.06530017750097,2,3.423587260717932,0,0,0,0
S26,Student_26,Male,16,11,63,72,67,83.45047753892725,1,2.713407202275385,0,1,1,1
S27,Student_27,Male,16,9,74,64,79,91.3594859463216,2,1.1084266093449324,1,1,1,1
S28,Student_28,Other,16,9,99,76,97,85.92715227026576,3,4.134006010351635,1,0,0,0
S29,Student_29,Other,17,10,71,60,59,98.76631457302632,4,1.042052898166614,0,0,0,0
S30,Student_30,Other,15,11,79,99,67,96.37480458968102,2,4.047559577509936,0,0,1,1
S31,Student_31,Female,15,11,69,66,87,99.67134413027328,1,4.573217975152491,1,0,1,1
S32,Student_32,Other,17,9,70,63,68,85.19341677900827,3,2.731359684228689,0,1,0,1
S33,Student_33,Female,15,11,93,76,85,99.39447265595952,1,3.142169892391193,0,0,1,1
S34,Student_34,Female,16,12,81,67,62,88.62467739583116,2,2.907933570470615,1,1,0,1
S35,Student_35,Other,16,9,95,77,95,86.9503759062751,2,2.5568344744937552,0,1,1,1
S36,Student_36,Female,16,10,98,96,52,81.00699053938706,1,4.549698141481441,1,0,0,1
S37,Student_37,Other,15,9,70,96,59,81.05530515719205,3,4.5757340426799615,1,0,0,0
S38,Student_38,Other,16,11,84,53,87,93.84022511893308,2,2.343265458566138,0,0,0,1
S39,Student_39,Male,17,10,81,56,50,89.15857988868056,4,3.460279016058792,1,1,1,0
S40,Student_40,Other,17,9,79,94,76,84.53043252072212,2,4.707630248583456,1,1,1,0
S41,Student_41,Male,15,12,88,84,95,92.27940612650464,3,4.848233995765407,1,1,1,1
S42,Student_42,Other,17,12,98,97,57,85.05716236500223,2,3.03583616168819,0,1,1,1
S43,Student_43,Other,17,9,61,58,95,91.55263508688846,1,2.811299221137307,0,0,0,0
S44,Student_44,Male,15,12,90,57,91,87.1841749396538,2,2.114777263714103,0,1,0,1
S45,Student_45,Male,16,12,96,94,66,96.47104453223638,2,4.83548749276164,1,1,0,1
S46,Student_46,Other,16,12,67,66,58,96.4139232153356,3,1.5712572178914694,1,0,1,0
S47,Student_47,Female,16,10,70,66,55,89.54700796244802,1,3.3193183041909,0,1,1,0
S48,Student_48,Male,15,12,62,98,92,87.01638218670031,3,2.1302010700745555,0,1,1,0
S49,Student_49,Female,17,12,70,82,74,87.2511959311819,2,2.1160331613911865,1,0,0,1
S50,Student_50,Female,16,12,57,81,88,96.11429051336437,4,2.619874349504754,0,1,1,1
S51,Student_51,Female,16,10,95,57,98,86.56358965595224,2,4.995171743262619,0,1,1,0
S52,Student_52,Male,15,9,89,68,77,84.18118747413692,3,1.2198652273592885,0,1,0,1
S53,Student_53,Female,16,11,95,87,82,81.69376683750613,4,3.314167272814126,0,1,0,0
S54,Student_54,Male,15,12,56,52,86,89.33386241768817,3,1.3302886321411087,0,0,1,1
S55,Student_55,Female,17,9,72,54,58,89.64264197839684,3,1.618083319962076,1,1,0,0
S56,Student_56,Other,15,12,93,62,67,96.81817420805814,1,2.7582517670915947,0,0,1,1
S57,Student_57,Other,15,10,81,96,70,84.42477392892128,4,3.041840525385765,0,1,0,0
S58,Student_58,Male,15,9,60,95,51,87.619825473368,2,2.035169633458096,1,0,0,1
S59,Student_59,Other,15,10,71,80,92,96.16811477787384,3,2.2658285234976647,1,0,0,1
S60,Student_60,Other,17,12,71,65,87,96.47247221497946,2,1.3478680810237322,1,0,1,0
S61,Student_61,Female,17,12,92,99,89,87.69222151957537,1,2.212879135377002,1,1,1,1
S62,Student_62,Male,16,10,74,81,85,89.18248046573362,1,4.866233757522176,0,1,1,1
S63,Student_63,Female,17,11,71,71,99,86.06571781698565,4,4.778829526689927,0,1,0,0
S64,Student_64,Female,17,10,77,78,92,98.65109756838623,1,2.33951316054794,0,0,0,1
S65,Student_65,Female,16,12,78,71,86,82.3728753148316,1,3.2834157451150463,0,1,0,1
S66,Student_66,Female,17,10,62,92,64,98.6749884600294,2,4.638381564443778,1,1,0,1
S67,Student_67,Female,15,11,67,52,77,93.67732903670688,1,1.0247352905635867,1,1,1,0
S68,Student_68,Female,15,10,51,59,67,90.63144305373464,1,4.242734281350368,0,1,1,0
S69,Student_69,Female,16,11,78,91,83,80.65318121568991,3,4.793478211155676,0,0,1,0
S70,Student_70,Male,16,11,70,70,71,89.51192383644016,1,1.3653029373342285,0,0,0,0
S71,Student_71,Other,16,10,64,65,60,88.15496210005465,3,1.645790744131684,0,1,0,0
S72,Student_72,Female,15,10,76,61,62,83.22437623950245,1,4.842985211085422,1,1,1,1
S73,Student_73,Female,17,9,99,51,53,93.12819207001314,1,3.150160574561385,0,1,0,1
S74,Student_74,Female,15,12,80,90,71,99.42301814736572,4,1.0567865378868948,1,0,1,0
S75,Student_75,Female,16,11,64,73,56,91.2437762212905,4,2.0305279950541166,1,1,0,1
S76,Student_76,Female,17,9,72,84,92,94.29506552887892,3,2.7997746970754385,1,0,0,1
S77,Student_77,Female,17,10,73,79,73,81.36900905132033,1,3.771635644099071,1,0,1,1
S78,Student_78,Other,15,12,93,79,53,88.35333991633989,2,3.9326415125471983,0,1,1,1
S79,Student_79,Other,16,9,62,96,77,82.32716970328991,4,4.981686051701825,0,1,0,0
S80,Student_80,Female,15,11,71,84,64,92.2559167107302,2,2.150044797535036,0,1,1,0
S81,Student_81,Other,17,9,92,68,50,98.7696431642831,4,3.152880407473901,0,0,1,1
S82,Student_82,Male,15,11,86,99,52,93.23555464943276,4,3.13329419143842,1,0,0,1
S83,Student_83,Female,15,10,82,57,63,81.53606096628843,1,2.62258103778895,1,1,0,0
S84,Student_84,Male,16,12,52,75,87,87.09332409970166,4,1.6766475753696808,1,0,0,1
S85,Student_85,Male,16,12,68,98,99,91.01326758881704,2,4.90982625273537,0,1,1,1
S86,Student_86,Female,17,12,72,89,50,88.06415512266504,4,4.413268746666344,1,1,0,1
S87,Student_87,Other,15,10,78,56,87,96.67288020950345,3,2.993332113176949,1,0,0,0
S88,Student_88,Male,15,11,79,79,87,96.2934200941998,1,3.4129816907361192,1,0,0,0
S89,Student_89,Female,15,10,88,56,70,92.23662040206445,1,1.9090442142386488,1,0,0,1
S90,Student_90,Male,17,12,93,52,97,87.4691589026541,3,3.175148281566988,0,0,0,1
S91,Student_91,Male,17,10,96,50,78,85.10672747526488,3,3.7798805324859033,1,1,1,1
S92,Student_92,Male,16,10,74,85,54,82.11748636426259,3,3.060668113546355,1,1,0,1
S93,Student_93,Male,16,10,86,74,98,87.09795366973108,4,4.9611406823397655,0,1,0,1
S94,Student_94,Other,16,11,96,86,59,88.26345034415439,1,3.4453666249909047,0,0,1,1
S95,Student_95,Male,15,9,57,50,77,93.51645850208148,3,2.483894850368676,0,1,0,0
S96,Student_96,Male,15,9,91,64,70,93.16319648595147,4,4.088608110463353,1,0,0,0
S97,Student_97,Male,16,10,65,86,99,81.40216279282514,3,1.6818500463265682,1,0,1,1
S98,Student_98,Other,15,9,57,62,56,87.90518630862316,2,2.538063254825066,1,0,0,0
S99,Student_99,Male,16,9,50,89,52,83.63557734434724,2,2.387835801510344,1,1,1,1
S100,Student_100,Male,17,10,93,57,94,83.13625410633611,1,2.727228380431109,0,0,0,1
S101,Student_101,Other,16,10,54,54,96,96.54604299474492,4,4.127119303714905,1,0,1,0
S102,Student_102,Other,17,12,52,58,69,80.83830433432514,2,2.93669212865363,1,0,1,0
S103,Student_103,Other,15,9,50,50,68,88.38365751804243,2,4.176057801063851,0,0,0,1
S104,Student_104,Male,16,11,53,85,84,83.36407311533037,4,3.305955612559464,0,0,1,1
S105,Student_105,Other,15,10,89,84,53,97.58660431356948,3,2.3682777386302214,0,0,1,0
S106,Student_106,Other,17,12,84,51,54,91.1408102655007,4,4.23991497473389,1,0,0,0
S107,Student_107,Male,17,11,81,89,50,84.62761272753696,3,1.9531586822123663,1,0,0,1
S108,Student_108,Other,17,9,91,72,53,90.04854574332752,2,1.897531919199182,1,0,1,1
S109,Student_109,Male,15,12,83,58,61,94.62972719406233,2,3.018011696219343,1,0,0,1
S110,Student_110,Female,15,10,92,83,76,99.16236017838868,2,2.043396983848356,1,0,1,0
S111,Student_111,Other,15,11,74,95,91,84.40892008490837,1,1.0363481398048653,0,0,1,1
S112,Student_112,Female,15,10,59,63,72,97.7236354425869,1,3.593190109195206,0,1,0,0
S113,Student_113,Male,17,9,70,53,74,98.6860822833498,1,3.044375285889592,1,1,0,1
S114,Student_114,Other,17,11,95,79,70,98.32841089064132,4,2.7820712579726448,1,0,1,0
S115,Student_115,Male,16,9,88,80,73,92.7082871372382,2,4.867874058473261,1,0,0,0
S116,Student_116,Female,16,9,76,87,74,92.59641308869416,2,3.2847967358516548,1,0,0,0
S117,Student_117,Male,15,12,76,60,94,88.06421266367646,4,4.4537263111575385,1,1,1,0
S118,Student_118,Other,17,10,51,84,95,95.04795764607576,1,1.557800944820641,0,1,1,1
S119,Student_119,Other,17,11,90,57,81,90.62588036701864,4,3.2768258525177107,0,1,1,0
S120,Student_120,Female,17,9,97,52,81,93.5487614245659,1,4.471918506923611,0,0,1,0
S121,Student_121,Male,16,9,62,63,54,88.56915807697591,2,3.332423029119592,1,0,1,0
S122,Student_122,Other,16,11,58,62,85,94.62992928086278,3,3.872056712508006,1,0,1,1
S123,Student_123,Female,17,9,85,94,95,96.48943035209098,1,2.488174271248829,0,0,0,1
S124,Student_124,Other,17,12,71,81,91,82.92872513205633,2,1.3697980681482664,0,1,1,1
S125,Student_125,Other,17,12,91,83,98,96.65859431148456,2,2.8316011805082857,1,0,0,1
S126,Student_126,Male,16,12,75,94,91,90.80593063580616,3,2.57791756335543,0,1,0,1
S127,Student_127,Other,17,12,61,68,88,96.89331818180447,2,4.46824072951579,0,1,1,1
S128,Student_128,Male,17,9,66,87,65,88.62603412682029,2,1.975981209409889,1,0,0,0
S129,Student_129,Other,15,11,63,65,82,87.5808097076607,1,4.866936910140432,0,1,1,0
S130,Student_130,Female,15,11,63,51,98,98.30121465034443,1,4.832552479217984,0,1,0,0
S131,Student_131,Other,16,11,83,89,70,85.02338535096803,3,1.9905265722857548,0,1,1,1
S132,Student_132,Male,17,11,69,66,58,96.88424650572288,3,2.392207821909282,1,1,1,0
S133,Student_133,Male,17,10,60,83,55,89.68041145018807,2,4.58222296349554,0,0,1,0
S134,Student_134,Female,15,11,65,91,94,90.2819088510252,1,4.86648888358443,0,0,1,1
S135,Student_135,Other,16,10,80,65,84,86.16936562978968,3,2.773756411344176,0,1,0,0
S136,Student_136,Other,15,10,55,87,88,91.4608440123803,3,2.2839881825635917,1,0,0,1
S137,Student_137,Female,15,12,68,51,71,86.50422392552423,4,3.104376053006168,1,1,0,0
S138,Student_138,Other,15,10,86,51,90,80.78538828483305,3,3.751076825462939,0,0,0,1
S139,Student_139,Other,15,9,53,75,54,85.43997210688713,2,2.093898061499919,1,0,0,1
S140,Student_140,Male,17,10,96,62,91,80.12758086813182,1,3.945892698476291,0,0,1,1
S141,Student_141,Other,17,12,53,96,72,99.56709574113714,3,1.206629428458564,1,0,1,0
S142,Student_142,Other,15,10,69,80,66,99.31494419639496,4,1.1971779710576658,1,0,1,0
S143,Student_143,Female,16,9,59,83,61,87.9031059494461,1,2.545150820582181,0,1,1,1
S144,Student_144,Female,16,9,73,88,72,94.56741708679291,3,2.4138927682428823,0,0,1,1
S145,Student_145,Male,16,9,84,52,65,86.9161219682085,4,2.262532861468609,0,1,0,0
S146,Student_146,Other,16,12,75,57,52,93.42186314171953,3,2.96407905067564,1,1,1,0
S147,Student_147,Other,15,12,86,72,79,96.10860086091958,1,2.282934329246285,0,0,1,1
S148,Student_148,Other,17,11,87,63,71,98.93512489384482,1,1.7690316738723677,1,1,0,0
S149,Student_149,Male,16,12,70,76,58,88.00424551699344,1,2.237878196354404,1,0,0,0
S150,Student_150,Male,15,9,89,78,78,95.66595965912096,2,4.899617091240939,0,1,1,0
S151,Student_151,Female,16,9,88,88,96,85.31856901264237,3,2.6444536679793944,1,1,1,1
S152,Student_152,Male,16,12,70,88,86,99.80664607587296,2,2.778851107433343,0,0,0,1
S153,Student_153,Other,15,10,59,50,72,80.51539197528702,1,3.30617995980456,1,0,1,0
S154,Student_154,Other,17,12,87,66,62,92.07057613002242,4,4.933363073656906,0,0,1,1
S155,Student_155,Male,17,12,95,90,81,93.19011963302654,3,1.966405105743052,1,0,1,0
S156,Student_156,Other,15,9,53,79,95,93.76091114148258,2,3.7251284421297353,1,1,0,0
S157,Student_157,Other,17,11,94,62,96,82.40775157578177,3,3.863938774166897,0,0,1,1
S158,Student_158,Male,15,9,69,70,97,98.7705956694626,4,3.429297667172264,1,1,1,1
S159,Student_159,Male,15,11,66,68,72,83.62366558100166,2,1.3543133585465763,0,1,0,1
S160,Student_160,Other,15,9,56,68,94,92.45506806479682,1,3.707489103310306,1,1,0,0
S161,Student_161,Other,17,12,53,74,66,84.4535215824617,2,1.256378844144702,1,1,0,0
S162,Student_162,Other,15,9,78,71,89,86.14432834042542,3,3.384570598199588,1,1,1,1
S163,Student_163,Female,16,9,63,80,70,90.92917083456248,3,3.95832470888697,0,1,0,1
S164,Student_164,Female,17,9,52,66,51,88.34386837129153,3,1.8438795624798017,0,0,1,1
S165,Student_165,Female,17,12,73,72,86,83.20451201953013,3,4.366488030171096,0,1,0,0
S166,Student_166,Male,17,12,86,81,55,83.41872804841697,1,1.121415222132017,0,1,1,0
S167,Student_167,Female,17,12,65,59,93,88.36289576325599,2,4.375251454633224,0,1,0,0
S168,Student_168,Male,16,12,53,59,67,95.14565956551002,1,2.8413162025710603,1,0,1,1
S169,Student_169,Male,17,11,73,85,79,97.95929293695576,1,1.870351759726578,1,0,1,1
S170,Student_170,Female,17,11,83,57,71,81.68255324518766,1,1.535112579975872,0,1,0,0
S171,Student_171,Female,15,10,79,69,82,87.86207815118802,3,4.81322867032949,1,0,0,1
S172,Student_172,Female,17,12,67,81,79,82.00491127445753,3,1.2906623503246268,1,1,1,1
S173,Student_173,Other,16,11,68,99,66,80.33184961265195,3,1.7963736797437029,1,0,0,1
S174,Student_174,Female,16,9,80,63,92,93.23437365287911,2,2.391289389732184,1,1,1,1
S175,Student_175,Other,16,12,68,99,81,92.04898883933176,4,3.480939395844482,0,0,0,0
S176,Student_176,Male,16,10,98,77,91,83.26038227629772,3,3.179204341104393,1,0,0,1
S177,Student_177,Other,17,10,95,95,63,84.67625666186129,2,1.502573969649256,0,0,1,0
S178,Student_178,Female,17,10,68,73,59,80.47415507289037,3,2.1589119349528585,0,1,0,0
S179,Student_179,Male,16,9,71,64,96,96.69894411388807,3,1.9550070843440963,1,1,0,1
S180,Student_180,Male,16,11,73,71,85,99.49381192097104,1,1.8541714179613653,0,1,1,0
S181,Student_181,Male,17,9,94,79,83,82.70919073589381,1,2.644577345919948,1,0,1,0
S182,Student_182,Other,16,12,61,53,58,84.62950427530596,1,3.816125810366628,1,0,0,1
S183,Student_183,Female,15,10,79,62,91,97.36819047893869,2,1.869811728868944,1,1,1,0
S184,Student_184,Male,16,9,87,72,77,98.5292759591237,4,2.4667155188119256,0,0,0,0
S185,Student_185,Male,16,9,80,57,60,88.3925476561362,4,2.563669707364649,0,1,0,0
S186,Student_186,Male,15,11,85,67,63,81.01244944538148,2,4.905826117741641,0,1,1,0
S187,Student_187,Other,15,11,68,61,88,80.78783667385639,3,4.818665427516276,1,1,1,0
S188,Student_188,Other,17,10,97,80,96,91.4789973213802,2,4.200550331008303,1,1,1,0
S189,Student_189,Female,17,9,94,63,68,87.85790217786358,3,1.9666356832767409,1,0,1,0
S190,Student_190,Other,15,9,85,83,64,80.57304855155309,2,1.2721492563666787,0,0,1,0
S191,Student_191,Male,15,11,79,67,77,91.66504784625111,2,2.267616550882499,1,0,1,1
S192,Student_192,Female,17,9,98,83,73,80.22605073178045,2,2.0671781977353234,1,1,0,1
S193,Student_193,Male,16,9,82,60,57,95.74743916298546,4,3.0237032005855755,0,0,0,1
S194,Student_194,Male,15,9,67,90,92,86.12865645406742,1,4.110911640271173,0,1,1,0
S195,Student_195,Other,17,11,98,61,58,80.80516006018465,2,4.433291755515432,0,1,0,0
S196,Student_196,Female,16,10,77,98,96,91.76704441966308,4,4.379456341642034,1,1,0,0
S197,Student_197,Other,15,12,96,64,82,87.9536882886611,1,2.438702244892271,1,1,0,1
S198,Student_198,Other,16,10,60,80,82,99.476008267143,1,3.748937373842732,1,1,0,1
S199,Student_199,Female,17,12,94,98,68,90.88397325007404,2,2.25133679009688,0,1,1,1
S200,Student_200,Male,15,9,82,78,52,85.50478362074017,3,1.2436221729407309,0,0,0,0
S201,Student_201,Male,16,10,66,75,59,94.18877729267948,3,3.806261062411769,0,0,0,1
S202,Student_202,Female,15,12,55,67,89,85.42984005085422,3,1.0393102102791514,0,0,1,1
S203,Student_203,Male,16,11,53,81,96,98.0848658281513,2,2.6367303498339543,1,0,1,0
S204,Student_204,Female,17,11,69,71,91,87.49443941014752,3,2.317517077208303,1,1,1,1
S205,Student_205,Female,17,10,97,87,50,90.9973712555241,4,3.7735101540754097,1,1,1,0
S206,Student_206,Other,15,10,96,66,78,81.01146207648458,4,4.064981891041516,1,0,0,1
S207,Student_207,Female,16,9,76,72,99,88.52242475904461,4,2.2163785438851358,1,0,1,0
S208,Student_208,Other,15,10,64,73,83,96.6472707932199,4,4.246508057779414,1,0,0,0
S209,Student_209,Male,15,9,55,99,62,96.11297610726685,1,2.175667042019735,1,0,0,0
S210,Student_210,Male,16,9,96,57,50,84.48637117707052,4,2.785305439946245,1,0,1,0
S211,Student_211,Male,16,11,63,90,83,84.52158142021125,3,3.908074108056536,0,0,1,0
S212,Student_212,Male,16,11,60,55,78,96.34610624426472,2,3.7716809168991534,0,0,1,1
S213,Student_213,Other,17,12,88,54,97,98.60796840338652,3,4.9494738892488,1,0,1,0
S214,Student_214,Male,15,11,58,93,96,81.90721842546007,4,1.9006440968637277,0,1,1,0
S215,Student_215,Female,15,11,75,78,62,89.0011727885245,1,3.6492716541583294,1,1,1,0
S216,Student_216,Female,17,10,65,77,97,86.74908557928458,4,3.4387276331031096,1,1,0,0
S217,Student_217,Female,16,11,54,60,98,97.4137691091488,2,4.66039381796012,0,1,0,1
S218,Student_218,Other,17,12,59,50,78,81.67049829360037,3,1.6254485665795002,1,0,0,0
S219,Student_219,Male,17,10,99,92,88,84.22251885116074,2,4.007192654347731,1,1,0,1
S220,Student_220,Male,17,12,52,68,73,95.04936675172988,2,3.2730744650750734,1,0,1,0
S221,Student_221,Male,15,11,62,58,75,81.02587697962431,2,2.0986634791516217,1,1,1,0
S222,Student_222,Other,17,12,92,76,66,89.85070761428578,3,2.8977396565886964,1,0,0,1
S223,Student_223,Female,15,10,98,83,56,88.8421406935944,4,2.335106388279191,1,0,0,1
S224,Student_224,Female,15,9,79,93,62,86.68802357977498,2,3.3172536111538435,1,1,0,1
S225,Student_225,Male,15,12,94,53,54,87.89144630637847,3,4.556002443258663,0,1,1,0
S226,Student_226,Female,16,12,55,85,75,90.59881173860468,1,3.277219937648808,0,0,1,1
S227,Student_227,Female,15,10,66,67,98,83.22734716776766,3,3.526889673306336,1,0,1,0
S228,Student_228,Other,15,10,94,64,52,91.43991756567186,1,3.074991388458838,0,0,0,1
S229,Student_229,Other,16,12,68,62,56,96.10864658599972,3,1.2046620257819036,1,1,0,1
S230,Student_230,Other,15,11,91,68,98,95.20321859580318,4,1.931434227504377,1,1,1,0
S231,Student_231,Other,17,12,84,98,88,83.07799809387548,2,2.968006917728331,1,0,1,1
S232,Student_232,Male,17,10,95,55,50,82.98498939482948,4,2.240941134978819,1,1,0,1
S233,Student_233,Other,15,9,75,97,98,85.36348735489827,3,1.7270543910447769,0,0,0,0
S234,Student_234,Female,16,9,54,61,66,87.22149452682075,2,3.0165313676737533,0,1,1,0
S235,Student_235,Male,17,11,78,86,92,88.16911162816965,1,2.2912391737914013,0,1,0,0
S236,Student_236,Female,16,12,86,66,74,93.59394433666692,3,2.032430572693659,0,1,1,1
S237,Student_237,Female,16,9,69,72,52,81.1336086433167,2,2.855941669761523,1,1,1,1
S238,Student_238,Female,17,12,98,75,64,80.69345408452133,1,1.5331370323286926,0,1,0,1
S239,Student_239,Other,16,10,70,78,78,87.83821125887818,1,4.710982932301629,1,0,0,1
S240,Student_240,Other,17,9,59,82,92,93.9432738427596,4,4.470808391676956,1,0,0,1
S241,Student_241,Male,16,11,54,76,81,83.86870685912965,3,3.830482342962141,0,1,1,0
S242,Student_242,Male,17,10,85,74,75,92.83008962512504,1,1.4248553103538248,1,0,0,1
S243,Student_243,Other,15,11,55,59,65,85.19656275880598,2,4.103509017878772,0,0,0,0
S244,Student_244,Female,17,10,75,96,74,97.72172217627032,1,4.231829312436076,0,1,1,1
S245,Student_245,Male,17,9,53,72,77,97.91379888533233,1,4.07105847085735,0,0,1,0
S246,Student_246,Other,17,11,88,70,58,85.94574408562653,4,1.4558635484769646,0,1,0,1
S247,Student_247,Other,17,11,88,70,50,84.5998750792648,4,3.575631828271059,0,0,1,1
S248,Student_248,Other,16,10,99,92,78,88.22607944132463,2,4.337299182997594,1,0,1,0
S249,Student_249,Female,15,11,84,62,71,84.81063170360298,4,3.309413604878671,0,0,1,1
S250,Student_250,Other,17,10,50,86,65,93.44767686583408,1,3.585629500912356,0,0,0,0
S251,Student_251,Other,16,10,73,82,90,96.5212936909657,1,2.8334539177052247,1,0,0,1
S252,Student_252,Other,15,10,85,73,93,93.46184261822434,4,3.1148292795362105,0,0,1,1
S253,Student_253,Other,15,10,55,93,90,96.487008944987,1,1.1375074334069009,0,0,1,0
S254,Student_254,Male,15,9,90,60,56,87.93984324414949,1,3.5558520878931383,1,1,1,1
S255,Student_255,Male,15,10,95,66,63,83.12633941417722,2,1.3257888515646368,1,1,0,0
S256,Student_256,Other,17,12,93,53,78,94.75901894795184,4,2.740058377360893,0,1,1,1
S257,Student_257,Female,17,11,80,96,68,87.20949010283108,1,2.1706203906696317,1,1,1,1
S258,Student_258,Male,16,12,69,74,68,93.42541650458264,4,3.1817118008468523,0,0,0,1
S259,Student_259,Other,16,9,73,79,51,85.41287883963531,2,1.5336653420928283,1,0,1,1
S260,Student_260,Male,16,12,74,58,90,81.62459269613345,4,3.766573607893273,0,0,0,1
S261,Student_261,Male,15,11,85,70,94,99.85163590975526,1,4.180046147713881,0,1,0,1
S262,Student_262,Female,15,12,70,69,64,83.12403015861199,4,1.653417798972626,0,1,0,1
S263,Student_263,Other,17,9,79,68,52,99.76841987926964,1,1.4172523494075286,1,1,1,0
S264,Student_264,Other,15,10,73,68,60,99.54559865132894,1,1.5820619311494366,0,0,1,1
S265,Student_265,Female,15,12,93,61,95,95.8763620781608,1,4.508510247594007,1,1,0,1
S266,Student_266,Female,15,9,91,86,79,93.18845924163996,2,3.1127570470254247,0,0,1,1
S267,Student_267,Other,16,9,79,91,89,91.55614100502169,4,2.8690439840300104,0,1,0,0
S268,Student_268,Other,16,11,71,66,67,97.3220309075567,2,1.426847276409417,0,0,1,0
S269,Student_269,Female,17,11,77,86,97,85.78879043238976,4,3.598224027027847,0,1,0,1
S270,Student_270,Male,15,12,56,97,51,89.35362424969755,2,4.47199836758036,0,0,0,1
S271,Student_271,Male,15,10,84,88,81,92.38779938733003,3,4.312743477293812,1,1,1,1
S272,Student_272,Female,17,9,77,77,57,88.22380951738982,1,3.504218835923205,1,1,1,0
S273,Student_273,Male,15,12,63,90,71,88.54972908180537,1,1.3011148666066945,1,0,1,1
S274,Student_274,Female,15,9,59,84,55,86.60569335004169,2,1.449588108704052,0,0,1,0
S275,Student_275,Male,16,9,65,96,61,91.28463633369071,3,1.1972359484392987,0,1,0,1
S276,Student_276,Male,17,10,65,97,96,97.01149056030232,1,2.029916865969877,1,0,0,0
S277,Student_277,Other,17,10,80,67,89,84.03056756012626,4,1.542645868641511,0,1,1,0
S278,Student_278,Other,17,12,91,63,85,98.68866077506884,2,2.0401921610097355,0,0,1,1
S279,Student_279,Male,17,10,74,84,64,93.7817530749646,1,2.5402322228758467,0,1,0,1
S280,Student_280,Male,16,10,62,93,77,96.4654642536006,1,4.771931136284543,1,0,1,1
S281,Student_281,Other,16,12,55,90,98,91.12381385260024,2,3.4415042391267683,1,1,1,1
S282,Student_282,Other,15,10,93,56,94,95.59033402848128,2,4.33989514273185,1,1,1,1
S283,Student_283,Other,15,11,58,90,67,80.32400794678935,4,3.841406002849329,1,1,1,1
S284,Student_284,Female,15,9,94,62,51,96.3676084955907,4,1.450012522106527,1,0,0,1
S285,Student_285,Male,15,9,85,67,62,80.80277718170733,1,3.9436816254957954,0,1,0,0
S286,Student_286,Other,16,9,92,86,94,97.79826752725724,1,2.1003955262364977,0,0,1,1
S287,Student_287,Male,17,9,69,62,64,99.83925494477286,2,3.5564313879788254,0,0,0,1
S288,Student_288,Female,16,12,67,85,69,85.88134924353555,1,2.363847894571954,0,0,1,0
S289,Student_289,Female,15,9,92,80,78,84.20637112571588,1,4.990689053058636,1,1,1,1
S290,Student_290,Other,16,9,70,51,91,95.30726727716082,2,2.0542059179871117,1,0,1,1
S291,Student_291,Female,17,9,53,65,78,85.06052681840507,1,2.1165218830970787,0,0,0,1
S292,Student_292,Male,17,9,99,58,52,97.31124766344408,1,4.722689022249593,1,0,0,1
S293,Student_293,Other,16,11,82,58,68,82.05685184314953,3,1.098577618545291,0,1,0,0
S294,Student_294,Male,16,9,76,87,52,82.51910392758717,4,3.786755951492788,0,0,0,0
S295,Student_295,Male,16,11,56,60,63,99.58303110201231,2,3.901305562943513,0,0,0,1
S296,Student_296,Female,15,12,55,71,89,93.47677796540007,3,4.345514309641597,0,0,1,1
S297,Student_297,Female,16,10,64,82,53,96.93774448857906,4,4.897757242553901,1,0,1,0
S298,Student_298,Female,16,9,67,85,60,86.48658754703035,4,4.902407676626609,0,1,0,1
S299,Student_299,Female,16,10,81,94,80,93.52967499041208,4,1.2611070302658556,1,1,0,0
S300,Student_300,Female,17,10,60,72,92,91.88483654617194,3,4.28735729101161,0,0,0,0
S301,Student_301,Other,17,12,69,94,81,92.06300240245892,3,3.5852397346295253,0,0,1,0
S302,Student_302,Male,15,10,73,94,76,93.65064919075444,4,3.5893685374923647,0,0,0,1
S303,Student_303,Male,15,11,64,83,79,91.50718346258196,1,1.5133997064587792,0,0,1,1
S304,Student_304,Male,17,10,97,58,92,88.58124738605332,1,3.6007486657826133,1,1,1,1
S305,Student_305,Male,17,10,56,73,51,85.51845388761093,3,4.929930322404991,0,1,0,0
S306,Student_306,Female,17,10,70,57,98,95.37162661826405,3,4.647274278157788,1,1,1,1
S307,Student_307,Male,16,9,91,56,58,84.52544860006373,3,2.756522643219402,0,1,1,1
S308,Student_308,Other,16,9,75,85,77,93.84708612308827,4,1.1597918931443774,0,0,0,0
S309,Student_309,Other,17,11,93,67,80,84.66665645298653,1,2.4491739600008198,0,0,1,1
S310,Student_310,Male,16,11,63,52,83,92.50660339908907,3,4.30556124640222,1,1,0,1
S311,Student_311,Male,16,9,86,77,64,94.94156534258056,3,3.805996405860664,0,1,1,1
S312,Student_312,Other,15,11,70,55,97,84.37427777813079,2,2.8373746223758256,0,0,0,0
S313,Student_313,Other,17,9,67,93,74,81.19886601722617,4,1.2204061406353244,0,0,0,1
S314,Student_314,Female,17,12,54,93,85,82.61947485988348,2,2.7075789112932105,0,0,1,0
S315,Student_315,Other,16,10,52,70,57,92.1199393454205,1,2.876099758871534,0,0,0,0
S316,Student_316,Female,17,10,72,77,58,96.98892812451471,2,4.714222131576544,1,0,1,0
S317,Student_317,Female,15,11,75,89,86,80.89993642470849,2,3.564344414328638,1,1,1,1
S318,Student_318,Female,15,9,86,50,97,94.68302518083291,2,2.246611666618596,0,1,0,1
S319,Student_319,Female,15,9,73,85,94,86.82637291900105,4,3.101273057802885,0,0,1,1
S320,Student_320,Female,17,11,98,70,88,89.57056739839045,1,1.2642212312886405,1,0,0,0
S321,Student_321,Male,17,9,68,92,81,98.57719099691133,2,4.890272942598948,0,1,1,0
S322,Student_322,Other,17,12,74,84,66,86.63943009471691,4,2.440239607722904,1,0,1,1
S323,Student_323,Female,17,10,70,62,84,89.30673867878971,1,2.9114694196525432,0,1,0,0
S324,Student_324,Other,17,11,61,98,86,80.27364829521362,3,2.4211358969476904,0,1,1,1
S325,Student_325,Other,15,11,90,59,68,81.63197440009677,2,3.730046920464801,1,1,1,1
S326,Student_326,Female,16,9,82,93,93,85.17183182269568,1,3.648928633318372,0,1,1,1
S327,Student_327,Male,15,11,99,96,78,80.5570448164215,2,3.861289242116543,1,0,1,1
S328,Student_328,Female,17,12,53,59,56,92.627506520965,3,2.0725729184476838,1,0,1,1
S329,Student_329,Male,15,9,91,95,77,88.52796713603246,1,2.262673924656264,1,1,1,1
S330,Student_330,Other,17,9,56,62,58,90.96290405456044,4,1.5010049243848318,0,0,1,1
S331,Student_331,Male,17,9,71,86,77,83.4929437179266,1,3.6220398873844495,1,0,1,0
S332,Student_332,Male,15,9,82,87,55,85.91864058873232,4,1.1591885093426102,1,0,0,1
S333,Student_333,Male,17,12,66,73,78,93.2764894970545,1,3.3907293420938363,0,0,1,0
S334,Student_334,Other,16,9,73,51,66,99.306054472608,4,4.478783539406535,0,1,1,0
S335,Student_335,Other,17,11,83,71,65,81.00833547204418,3,4.563328593158534,0,0,0,1
S336,Student_336,Male,16,12,77,66,72,97.80768641710532,3,2.7961510414798467,0,1,0,0
S337,Student_337,Male,16,10,92,85,80,91.53762402622417,3,2.837214752852295,0,1,0,0
S338,Student_338,Female,17,10,90,63,52,91.27839133511247,1,1.3078767320320694,0,0,1,0
S339,Student_339,Male,15,11,88,59,70,90.0055707041552,3,3.683060101772143,1,1,0,1
S340,Student_340,Female,16,11,71,84,75,81.38788171808366,2,4.2850376814913815,0,0,0,1
S341,Student_341,Male,15,12,98,74,85,81.79753703472322,3,1.978620218418852,1,0,1,1
S342,Student_342,Female,16,10,66,52,91,92.01824011318172,4,2.6852035265334586,0,1,1,1
S343,Student_343,Other,17,10,83,96,86,86.81917142871117,4,4.355357347061082,1,0,0,1
S344,Student_344,Male,17,10,55,87,71,98.34536133155362,4,4.5084818706491525,1,1,0,0
S345,Student_345,Male,16,10,95,66,91,88.13181074718945,1,1.972719921056904,0,1,1,0
S346,Student_346,Male,17,10,55,61,61,82.86562917405283,2,3.202282538165457,0,0,1,1
S347,Student_347,Male,16,9,83,73,91,94.29437667004072,3,1.7699726025433082,1,0,1,0
S348,Student_348,Female,17,11,50,78,62,85.8670684288202,2,1.4075150565582262,0,0,1,0
S349,Student_349,Male,15,9,59,92,60,90.50940614711786,2,4.644482005567831,0,1,1,0
S350,Student_350,Other,17,10,70,74,65,93.9566557101034,4,4.282030016928436,1,0,0,0
S351,Student_351,Other,15,12,54,85,57,98.0052822240414,4,4.040139607212696,1,1,1,1
S352,Student_352,Male,17,12,51,75,89,95.84382389603353,4,1.1950652752525617,1,1,1,1
S353,Student_353,Other,15,10,71,87,89,93.52722135745448,1,4.37491517084103,0,0,1,1
S354,Student_354,Male,17,10,97,50,94,93.59266364790288,2,2.752176303621535,0,0,1,0
S355,Student_355,Male,15,12,51,69,51,98.91849288064174,2,2.3695804931834386,0,0,1,0
S356,Student_356,Other,16,9,59,77,79,85.91648194993073,1,3.185905444101506,0,1,0,1
S357,Student_357,Male,16,9,83,65,79,80.02224188392375,1,1.3654129708942233,1,0,1,1
S358,Student_358,Other,15,10,65,96,61,85.43909118796397,1,4.026586197409595,0,1,0,0
S359,Student_359,Female,17,9,97,66,59,84.35782759253487,2,3.3297403075531835,1,0,1,1
S360,Student_360,Male,15,12,88,89,93,93.23669170227996,2,1.74636038749267,0,0,0,1
S361,Student_361,Female,17,9,71,77,60,92.67423199531058,4,1.7529287990761824,0,1,0,0
S362,Student_362,Other,16,10,61,61,64,91.86922765409447,4,1.736994606290697,1,1,1,0
S363,Student_363,Female,17,12,73,76,65,80.32486886418907,2,1.228009550207736,0,0,1,1
S364,Student_364,Female,16,9,96,91,66,94.57556108901296,4,3.351193797486739,0,0,1,0
S365,Student_365,Other,17,11,89,96,75,86.47060824970983,1,4.361392710354032,1,0,1,1
S366,Student_366,Female,17,12,87,79,51,93.30111978013262,3,1.0699928559495544,0,0,1,0
S367,Student_367,Female,17,12,59,90,99,91.13156857004309,4,1.1960185798850942,1,0,0,0
S368,Student_368,Other,15,11,84,83,61,86.85461850855815,2,3.291081106747783,1,1,1,1
S369,Student_369,Female,15,11,98,86,75,82.69152534208216,4,4.277982741544209,1,1,1,0
S370,Student_370,Other,16,12,81,55,72,81.88837795320961,4,2.3069555622745344,1,1,0,1
S371,Student_371,Female,16,11,56,56,67,96.63036666224448,4,2.3984575952308886,0,1,1,0
S372,Student_372,Other,15,10,70,81,81,98.36795084163116,3,3.385385989987104,0,0,0,1
S373,Student_373,Other,16,10,69,81,98,92.995760935286,1,2.096851556496588,0,1,1,0
S374,Student_374,Female,15,10,75,74,87,82.06868229720966,2,1.1064334643107363,1,1,0,0
S375,Student_375,Female,17,12,53,82,96,88.04054433776481,3,3.940914072406384,0,1,1,1
S376,Student_376,Female,16,11,95,56,52,94.57878400210316,2,3.5025996517658124,0,0,0,0
S377,Student_377,Male,16,11,71,61,87,95.59641768020136,2,3.3230239962226364,0,1,0,1
S378,Student_378,Male,15,9,64,65,52,82.36437244582177,2,3.966736515967293,0,0,1,0
S379,Student_379,Male,16,9,89,65,79,80.00061437690765,3,3.70092335024815,1,1,1,0
S380,Student_380,Other,16,11,70,92,50,94.2427409176121,1,1.8235279527132848,1,0,1,1
S381,Student_381,Female,17,11,64,85,79,87.13192351972411,2,2.409924187773405,0,1,0,0
S382,Student_382,Other,16,11,71,62,94,85.08962663236521,1,1.5044405667145,1,0,0,0
S383,Student_383,Male,17,12,77,56,81,80.2579493957905,1,1.519428053671524,0,1,0,1
S384,Student_384,Female,15,11,63,85,77,90.80598813523,4,3.704782985426157,0,0,1,0
S385,Student_385,Other,16,9,76,96,70,97.02301470851964,3,4.434400427929993,0,0,1,1
S386,Student_386,Female,17,12,90,58,95,99.15263292545175,3,4.850930335444556,1,1,0,1
S387,Student_387,Other,15,11,89,81,62,91.31489901226578,4,3.5133884701977776,0,0,1,1
S388,Student_388,Female,16,9,77,60,76,90.28922655479788,4,1.736405293443828,1,0,0,0
S389,Student_389,Male,15,12,75,57,85,81.70112770978483,1,1.4226013817957228,1,1,1,0
S390,Student_390,Male,16,11,98,82,56,90.977456030852,2,4.251403886147031,0,1,1,1
S391,Student_391,Female,15,11,51,72,71,87.5995815793079,3,3.315025905439997,1,0,0,0
S392,Student_392,Other,15,11,74,74,59,92.14270561767154,2,3.4731400840548794,1,1,1,1
S393,Student_393,Male,17,12,52,57,88,87.77452695753094,2,4.125848355018837,0,1,1,0
S394,Student_394,Male,15,9,57,94,64,84.80598246900733,4,3.8131089109298064,1,1,1,1
S395,Student_395,Male,16,9,93,71,64,81.89930550456754,2,4.337833011424387,1,0,1,1
S396,Student_396,Female,16,10,82,53,53,86.29836889177791,1,1.224855621839514,0,0,1,0
S397,Student_397,Female,17,11,91,89,81,81.93289668575504,4,3.9900825469860193,0,0,0,1
S398,Student_398,Other,16,10,84,52,72,83.53793901647968,2,4.403411029288382,1,0,1,1
S399,Student_399,Other,16,10,55,78,55,99.74672317159092,4,2.1445401698332573,0,0,0,0
S400,Student_400,Other,16,9,88,90,73,88.88207113813237,1,3.5617890959730114,0,0,1,1
S401,Student_401,Female,15,12,72,78,69,90.63743533010032,1,2.2566482553478884,1,0,1,1
S402,Student_402,Female,15,12,74,83,86,97.4723705747443,2,4.831884265929816,1,1,0,0
S403,Student_403,Other,16,9,99,83,69,99.91137800981376,4,1.133694289742015,0,0,0,1
S404,Student_404,Other,17,12,92,77,61,91.65428898689365,2,3.31917137533182,1,0,1,1
S405,Student_405,Female,15,10,68,62,82,96.24947642088344,2,1.6660141881980604,0,1,1,1
S406,Student_406,Other,17,11,54,64,77,86.5388204867335,4,3.8488808207086342,0,1,0,1
S407,Student_407,Male,16,9,60,72,57,86.11487914894582,2,1.7035611336746483,1,1,0,1
S408,Student_408,Female,16,11,61,93,50,88.05407441989121,1,1.9415330475934305,1,0,0,1
S409,Student_409,Other,15,12,59,75,86,93.45014525347298,4,2.9774832441830323,0,1,0,1
S410,Student_410,Female,16,11,57,53,71,93.64383378510198,4,4.659339799987512,0,0,1,1
S411,Student_411,Male,15,12,73,75,55,86.30478869298902,4,1.8468574885918836,0,0,1,0
S412,Student_412,Female,16,12,77,89,70,82.66419848273257,4,1.576960084472414,0,0,1,1
S413,Student_413,Female,16,10,90,58,81,92.64792512931017,2,4.035907327416123,1,1,1,1
S414,Student_414,Female,15,12,85,54,84,82.5665172437753,2,3.002478129335724,0,1,1,0
S415,Student_415,Female,15,10,86,81,64,91.5698501645866,1,4.647140449527086,1,0,0,1
S416,Student_416,Male,15,10,70,69,54,93.8684425611262,3,1.5864582286393691,1,0,0,1
S417,Student_417,Female,16,10,57,99,95,94.01222992788904,3,3.5837115720921573,0,0,0,1
S418,Student_418,Female,16,9,58,60,99,95.06944221319192,1,1.93151658460726,1,1,1,1
S419,Student_419,Other,17,9,96,64,97,97.45718843131328,3,1.6270417146065572,1,0,0,1
S420,Student_420,Female,15,12,64,81,55,89.99917983929576,1,3.733717660629082,0,1,1,1
S421,Student_421,Other,16,10,97,77,74,94.60498379059142,2,3.374738479634933,1,0,1,0
S422,Student_422,Male,16,9,95,71,95,92.38345470731672,4,4.019309833449325,1,1,1,0
S423,Student_423,Male,15,10,89,90,89,83.73279879595366,4,2.237850305784729,0,0,0,0
S424,Student_424,Male,17,11,67,66,78,80.51379289738816,2,2.79188662552876,0,1,1,0
S425,Student_425,Male,15,11,91,75,56,85.69082771353868,4,2.621886705321674,0,1,1,0
S426,Student_426,Other,17,11,69,93,89,88.86067412675239,4,4.936357855866056,0,1,0,1
S427,Student_427,Female,16,12,55,56,62,92.34211888857313,3,2.168995826957552,0,1,1,1
S428,Student_428,Male,17,10,61,91,87,96.9991866100641,2,2.1792689533870675,0,1,0,1
S429,Student_429,Female,16,11,51,75,67,83.92491433412332,3,2.418192835314429,0,1,1,1
S430,Student_430,Other,15,9,56,74,51,82.51099579796954,3,3.258376325161286,1,0,0,1
S431,Student_431,Other,15,11,65,59,57,99.26959894948656,4,2.009290977054981,1,0,1,0
S432,Student_432,Other,15,11,52,94,60,82.16089118752814,4,4.661159761517096,0,0,1,0
S433,Student_433,Male,17,11,94,68,82,89.56982140214379,2,2.062742259465054,1,0,0,1
S434,Student_434,Female,16,12,52,60,87,91.71127457586604,4,4.583262926240779,1,1,1,1
S435,Student_435,Female,15,9,76,62,97,90.82748841814876,4,1.4139002545863386,0,0,0,1
S436,Student_436,Female,15,10,99,57,76,81.72064314065886,2,3.626250809598609,1,1,1,0
S437,Student_437,Other,16,9,92,89,69,81.14053828007239,4,4.627942073752974,0,1,0,0
S438,Student_438,Male,15,10,89,53,61,82.10966854922071,3,1.674997753592918,1,1,1,1
S439,Student_439,Other,16,12,87,96,92,91.71175367745224,2,4.87330784039702,0,0,1,0
S440,Student_440,Other,16,12,82,80,80,90.88689775268642,4,2.8115334416620468,1,1,1,1
S441,Student_441,Female,16,12,77,77,76,84.67481584073488,1,4.782860433764098,1,0,0,0
S442,Student_442,Other,16,12,50,60,81,92.75548283691182,2,3.707280174520188,1,0,0,0
S443,Student_443,Female,16,10,57,92,59,96.401350041113,2,2.206347479494206,0,0,0,1
S444,Student_444,Male,17,11,86,50,52,80.83157919693187,1,1.7532100996684257,1,0,0,0
S445,Student_445,Female,15,10,81,98,94,89.96259887096085,4,2.2149401849003976,1,0,0,0
S446,Student_446,Male,17,9,97,96,76,93.7862082420538,4,1.3720696370507,0,1,1,1
S447,Student_447,Female,15,12,92,87,84,85.04623854139373,2,1.575471865373319,0,1,1,0
S448,Student_448,Other,17,12,86,73,80,86.15541810586298,2,1.4186417613859246,1,0,1,1
S449,Student_449,Other,16,9,53,96,64,92.27275805978768,4,2.691774174966231,1,1,1,0
S450,Student_450,Male,15,10,79,80,65,97.95870586887474,4,4.182313505030345,1,0,1,1
S451,Student_451,Male,15,11,55,90,62,96.198488406058,3,1.5655342168653608,1,1,0,1
S452,Student_452,Male,17,11,95,95,98,91.66260438199168,2,1.5212817326893435,0,1,1,0
S453,Student_453,Female,17,9,68,99,84,94.604434355145,2,3.573715798069323,1,1,0,0
S454,Student_454,Female,15,11,81,75,60,87.29644940415598,1,1.788731927872265,1,1,1,1
S455,Student_455,Male,17,10,58,98,70,92.81931056197516,3,1.3904401524359664,0,1,0,0
S456,Student_456,Other,17,10,61,99,60,89.32363182255114,4,1.6673943128223103,1,1,0,0
S457,Student_457,Female,17,9,60,54,79,83.79872272915122,3,4.694925583507104,1,1,0,0
S458,Student_458,Female,16,10,95,69,97,94.03476547754514,4,4.285885011104764,1,1,1,1
S459,Student_459,Female,16,12,65,90,84,91.12929274697645,4,2.4162582494203764,0,1,1,1
S460,Student_460,Male,17,9,50,60,71,87.17243163907183,3,3.6232830693095712,0,1,1,1
S461,Student_461,Male,17,10,94,82,87,98.22678380157262,2,3.1491026946721523,1,1,1,0
S462,Student_462,Male,16,9,70,99,80,80.41868235653466,4,3.708497053930256,1,1,0,0
S463,Student_463,Male,16,11,79,87,63,86.31546302498992,3,3.730684609851037,0,1,0,1
S464,Student_464,Male,15,10,62,76,73,81.13762795555293,1,3.514936060239972,1,0,0,1
S465,Student_465,Other,15,12,83,83,99,95.33054632443256,3,2.0644054741492344,1,1,0,0
S466,Student_466,Other,16,10,53,64,98,94.04214908227586,1,1.1560256830512723,0,1,1,0
S467,Student_467,Male,17,9,77,81,81,86.62704437472634,4,2.822267127960435,0,1,0,0
S468,Student_468,Female,17,9,87,70,85,93.51325804414148,3,4.563895538762815,0,1,1,0
S469,Student_469,Male,17,10,80,95,81,87.918744523919,3,3.277989034074304,1,1,0,1
S470,Student_470,Other,17,12,76,54,64,95.12507582844869,1,4.329564166807632,1,1,0,0
S471,Student_471,Other,15,12,54,55,92,89.08367325473412,3,4.966497371844913,1,0,0,0
S472,Student_472,Female,16,12,74,87,84,88.2455945566333,3,1.654464816553105,1,0,1,1
S473,Student_473,Other,17,9,52,71,52,98.69459830976602,4,3.767110556567929,0,0,1,1
S474,Student_474,Male,15,10,82,67,65,85.017581997814,3,3.6971742948000985,1,1,0,0
S475,Student_475,Female,17,11,53,63,54,82.40894679993131,2,4.919821789433113,1,1,0,1
S476,Student_476,Male,16,9,74,59,70,91.69086226518915,1,4.942402935811201,0,1,0,0
S477,Student_477,Male,15,12,69,95,59,99.38643624568356,3,3.746714446896518,0,0,1,0
S478,Student_478,Female,16,10,83,62,68,87.55678427454373,1,1.974459167928777,1,1,1,1
S479,Student_479,Male,16,12,75,80,74,81.24073527257563,1,4.194223352522396,0,1,1,1
S480,Student_480,Other,15,11,54,79,53,86.78610534619135,1,1.4281165368441524,0,0,0,0
S481,Student_481,Male,15,12,84,52,78,90.11863308639116,3,4.122797216686514,1,0,1,1
S482,Student_482,Female,15,12,77,79,68,83.23846013264428,3,4.640784496578785,1,1,0,0
S483,Student_483,Female,15,11,78,55,92,93.16204436112984,1,2.531333579073741,1,1,1,0
S484,Student_484,Female,15,10,58,78,51,99.954987780204,2,3.522541179932322,1,1,0,0
S485,Student_485,Male,15,9,87,57,59,89.03478951962887,1,2.720570928387305,0,1,0,1
S486,Student_486,Female,15,10,99,93,92,87.09457113460425,2,2.751060219952514,0,0,1,0
S487,Student_487,Female,17,11,55,94,74,88.01408333668934,1,2.24148355643248,1,1,0,0
S488,Student_488,Male,16,12,68,92,69,82.30292356790402,4,4.048518481801299,1,1,0,0
S489,Student_489,Other,15,10,93,93,97,97.66547202852448,1,4.744706256666021,0,0,0,1
S490,Student_490,Male,17,9,60,82,68,88.29651311042704,1,4.7630034369378444,1,1,1,0
S491,Student_491,Female,17,11,51,66,72,87.74548822849682,3,1.699125139499735,1,1,0,0
S492,Student_492,Female,17,10,96,97,73,93.19380545860948,2,4.498974598626264,1,0,1,0
S493,Student_493,Male,16,9,93,60,60,88.84066841862247,4,3.949725765708489,1,0,1,1
S494,Student_494,Other,15,11,93,62,95,92.96466937615692,2,2.011349602761157,0,1,0,0
S495,Student_495,Female,17,9,58,99,83,81.22892580261575,4,1.2691384516860582,1,0,1,0
S496,Student_496,Female,16,11,70,60,77,96.27446687444456,1,2.071989067537512,0,0,0,1
S497,Student_497,Female,16,12,73,80,54,98.81007905758806,3,4.648832947126103,1,1,1,1
S498,Student_498,Male,16,10,83,77,54,92.97530772318773,3,3.532714699583089,1,0,0,0
S499,Student_499,Female,17,9,71,93,70,99.0913185771762,2,3.884218643591488,0,1,1,0
S500,Student_500,Other,15,11,52,55,61,83.02864628739927,3,2.0286094044363834,1,1,0,0
S501,Student_501,Female,17,9,61,90,99,89.54832378960708,2,3.877552622299281,0,1,0,1
S502,Student_502,Female,17,9,77,65,53,92.03613467890897,2,1.112486025111695,1,1,0,1
S503,Student_503,Other,15,10,79,53,98,91.63473294842372,4,2.501285383092055,1,0,0,0
S504,Student_504,Female,15,12,75,84,91,88.02923558178087,2,3.507013394169325,1,1,1,1
S505,Student_505,Male,15,9,97,97,69,86.76168818732523,4,1.584386262165281,1,1,1,0
S506,Student_506,Male,16,11,70,75,87,82.53648045100837,3,4.292014297787739,1,1,0,0
S507,Student_507,Male,15,11,77,61,74,87.83484901124557,2,1.9401251952476744,0,1,1,1
S508,Student_508,Other,17,12,75,60,63,83.2532163021097,2,3.609124451273785,0,0,0,0
S509,Student_509,Female,15,11,82,86,60,94.68731352984436,1,2.6207885703013187,1,0,0,1
S510,Student_510,Male,17,12,70,74,81,84.1766187098918,2,3.3841743819105887,1,0,1,1
S511,Student_511,Other,16,11,84,67,60,81.17130610569068,2,1.4298022105156325,0,1,1,0
S512,Student_512,Female,17,10,83,68,67,91.04732275634468,1,1.0676511996864293,0,0,0,1
S513,Student_513,Other,17,9,90,72,76,91.90459465438803,1,4.638257709521205,1,0,1,0
S514,Student_514,Male,15,10,96,87,67,97.4382612256101,3,2.078520035068731,1,1,0,1
S515,Student_515,Male,15,9,67,67,72,91.53963224835364,2,4.278708011121836,0,0,1,0
S516,Student_516,Male,17,9,60,75,60,86.90961707446891,3,4.997401201888801,1,1,1,0
S517,Student_517,Other,15,9,72,55,70,96.06023763052642,3,1.8457250319956449,0,0,1,0
S518,Student_518,Other,16,10,97,53,93,90.80557786374844,1,2.0606829647334224,1,0,1,1
S519,Student_519,Male,16,9,71,93,54,81.58560569262383,4,3.651439150538663,0,0,1,0
S520,Student_520,Other,15,10,66,78,72,91.31701120626494,3,4.861794538402485,0,0,0,1
S521,Student_521,Male,16,12,54,83,90,98.16037090843324,4,4.663257392762976,1,1,1,1
S522,Student_522,Male,15,11,93,66,74,87.92625250996441,2,3.01150208026234,0,1,1,1
S523,Student_523,Female,17,11,60,92,90,85.926516037996,1,4.180441130106899,1,0,0,1
S524,Student_524,Other,17,9,79,92,59,82.8693891403604,2,1.5429834123996042,1,1,0,1
S525,Student_525,Male,16,10,64,65,71,83.02891043870714,2,4.909752736816049,1,0,0,0
S526,Student_526,Male,15,11,76,51,68,88.65542968683638,1,4.857412936143946,1,0,1,1
S527,Student_527,Other,15,10,84,83,50,91.9135964832306,2,1.654915831516684,0,0,1,0
S528,Student_528,Female,16,10,82,57,56,81.61230810339204,1,2.1976924992124265,1,0,0,0
S529,Student_529,Female,17,9,69,62,53,98.79137178050333,4,1.4006199900270675,1,0,0,1
S530,Student_530,Male,16,11,65,91,50,95.10267234890392,2,2.086870395592719,1,0,0,0
S531,Student_531,Other,17,9,83,57,64,91.73247836567326,1,4.263823157660827,1,1,0,0
S532,Student_532,Female,15,9,51,79,89,96.5687734187798,3,2.513262428661038,0,1,1,1
S533,Student_533,Other,17,11,84,81,61,81.60373513624226,2,1.3535878685870335,1,0,1,0
S534,Student_534,Other,16,11,89,85,71,89.53677755466249,4,2.368902099115618,0,1,1,1
S535,Student_535,Male,15,12,77,96,71,92.60186253723327,1,4.92553333696512,0,0,1,1
S536,Student_536,Female,16,12,96,79,99,96.57305812236578,2,3.518734381036812,0,1,1,1
S537,Student_537,Male,16,10,88,50,96,95.66939120098536,2,2.664643785624631,1,1,0,0
S538,Student_538,Female,17,11,55,92,66,85.54138499426799,2,1.66615405398908,1,1,1,0
S539,Student_539,Female,16,12,58,88,78,98.8176033911841,4,4.944707189134779,1,0,0,0
S540,Student_540,Female,17,10,69,66,95,82.48691682861741,1,4.283396037052516,1,1,0,0
S541,Student_541,Female,15,10,50,69,63,97.50267237242304,3,2.1259092098036776,0,0,0,1
S542,Student_542,Female,17,10,57,73,99,99.41880499209238,3,1.2802747828847578,0,0,1,1
S543,Student_543,Other,15,12,72,99,69,83.54307046445251,3,1.226502229510232,1,0,0,0
S544,Student_544,Male,17,11,52,71,99,94.44132128407573,1,1.4815125980221353,1,1,1,1
S545,Student_545,Other,16,9,53,78,97,80.80571037555997,3,3.3230743344576865,1,1,0,0
S546,Student_546,Female,17,10,74,71,82,88.1084565027831,4,4.715053684821969,1,1,1,1
S547,Student_547,Male,17,12,96,93,92,90.32566598395348,1,2.986973712023938,1,0,0,1
S548,Student_548,Female,15,12,87,58,64,91.61290451819268,2,4.371781929824788,1,0,1,1
S549,Student_549,Male,16,9,64,86,61,98.7187449649712,4,2.7835464794392317,1,1,0,1
S550,Student_550,Other,17,9,70,59,89,93.4450137458839,2,3.834334183071301,0,0,0,1
S551,Student_551,Male,16,12,84,85,69,89.62555902438474,3,3.9274909491460033,0,1,0,0
S552,Student_552,Male,17,11,95,86,79,96.1935007253178,4,1.6958548236133546,0,1,0,0
S553,Student_553,Male,17,9,63,77,87,99.01065641908818,1,2.444864235903247,0,1,1,1
S554,Student_554,Male,16,12,85,77,52,80.44132297364581,4,3.549208626152096,1,1,1,0
S555,Student_555,Male,17,9,61,91,77,99.65042544512076,2,1.2827864327374647,1,0,1,1
S556,Student_556,Female,16,11,66,92,75,81.7226427812736,1,2.4461607510518264,1,1,0,1
S557,Student_557,Male,17,10,88,70,79,96.28773558537524,4,3.13919786512477,1,1,0,1
S558,Student_558,Male,15,9,58,73,62,85.60669505102825,4,4.984897972178555,1,1,0,1
S559,Student_559,Other,16,11,84,91,62,82.64359315507744,4,2.898134250489763,0,1,0,0
S560,Student_560,Male,17,12,62,89,51,88.7971127942767,4,4.264227028457294,1,1,0,1
S561,Student_561,Other,17,9,64,51,86,92.87913158895228,1,2.728269140266471,0,1,0,0
S562,Student_562,Female,15,9,67,57,98,87.6190369004695,2,4.185562890478836,1,1,1,1
S563,Student_563,Male,16,12,82,97,87,81.09130816565398,4,3.3816592064804336,0,0,1,1
S564,Student_564,Other,17,10,55,76,51,91.98922279317432,1,4.546381766009594,1,0,1,0
S565,Student_565,Other,15,12,76,71,85,98.04806552221348,2,2.64377020940044,0,0,1,1
S566,Student_566,Female,17,9,72,86,75,87.66430731894503,4,3.4172176792859155,1,0,1,1
S567,Student_567,Male,16,12,76,76,60,84.32665555261654,2,3.520074722475309,1,1,1,0
S568,Student_568,Male,17,11,83,78,57,88.85154691865631,2,2.669531767201893,1,0,1,0
S569,Student_569,Other,17,12,95,52,93,80.96725422097562,1,1.577248174749926,1,0,1,0
S570,Student_570,Male,17,9,87,93,89,96.4097516896055,2,1.3742376276493422,0,0,0,1
S571,Student_571,Other,17,12,63,62,92,96.52681621900372,1,1.0666862023985324,1,1,0,1
S572,Student_572,Male,15,10,85,94,71,91.76000926859255,4,4.4941370569808585,0,0,0,0
S573,Student_573,Other,15,12,57,59,69,87.0620577787678,2,1.9458996489547784,1,0,0,0
S574,Student_574,Male,16,10,84,85,57,95.99566728891568,2,1.846026997127072,0,1,0,1
S575,Student_575,Female,15,11,68,58,78,91.09374049576736,3,3.944141601704262,1,0,0,1
S576,Student_576,Male,15,10,79,76,89,96.51864617100031,4,2.280064452349567,1,1,0,0
S577,Student_577,Male,16,12,63,83,75,92.62917585166042,4,3.0241787696473463,0,0,1,0
S578,Student_578,Female,15,9,69,50,79,95.68810946425594,3,1.6500442611898252,1,1,1,0
S579,Student_579,Male,15,10,98,81,66,91.9712598643552,3,4.8389828858478765,1,0,0,0
S580,Student_580,Female,16,11,74,74,69,88.28282136431332,1,4.40632560006895,0,0,1,1
S581,Student_581,Male,16,10,89,78,65,99.15891719852274,1,4.455158491860013,1,0,1,1
S582,Student_582,Other,16,10,73,56,95,90.8222764975769,2,2.627094994288021,0,1,1,1
S583,Student_583,Other,17,10,63,98,92,92.10179037081076,2,4.049444854828691,1,0,1,1
S584,Student_584,Male,17,11,75,52,56,84.40975278829498,2,1.5755046215591206,0,1,1,0
S585,Student_585,Male,16,12,87,69,65,92.51301578854552,2,1.0344760103671211,0,1,0,1
S586,Student_586,Male,16,10,72,69,94,91.43215298965887,1,1.0798917303121125,0,1,1,0
S587,Student_587,Other,16,10,71,79,96,83.6967679589405,4,3.346406949618242,0,1,0,1
S588,Student_588,Male,17,9,97,84,97,81.19174194706288,2,2.821579620991763,1,0,0,1
S589,Student_589,Other,17,11,68,84,76,92.08718639429544,4,3.072061395634079,1,0,0,1
S590,Student_590,Female,15,10,95,98,72,95.27384538700642,2,1.0298525616688776,0,0,1,0
S591,Student_591,Other,15,11,52,88,73,90.46802741844016,3,2.690746478629703,1,1,0,1
S592,Student_592,Other,16,10,91,76,58,84.53545250639291,2,3.8722726448034432,1,0,0,0
S593,Student_593,Female,17,12,68,75,84,93.3304395338607,2,2.7707748078697434,1,1,0,0
S594,Student_594,Other,17,12,58,63,69,81.60211453219205,2,3.928876825248889,0,1,0,1
S595,Student_595,Male,17,10,77,66,86,88.83667409603909,1,1.9320758575873391,1,1,1,0
S596,Student_596,Male,16,12,69,67,91,83.2673351679684,3,4.252568017926902,1,0,0,1
S597,Student_597,Other,15,10,94,94,66,83.68918102119767,2,3.353724961813809,0,0,0,0
S598,Student_598,Male,16,12,56,78,96,84.04587898316407,2,1.843052397719625,1,1,0,1
S599,Student_599,Other,15,9,63,69,80,87.73414114087956,4,1.946881903415332,0,0,0,0
S600,Student_600,Male,15,9,58,76,57,81.02300411240795,3,3.512121858278148,0,0,1,0
S601,Student_601,Male,16,9,68,67,64,87.95586881858196,2,4.3197583728497735,0,1,0,1
S602,Student_602,Other,15,11,96,53,80,90.234148942294,4,2.6625111281166207,1,1,0,1
S603,Student_603,Male,15,11,63,50,79,89.66588569932651,4,2.033201716510369,1,0,0,1
S604,Student_604,Other,17,9,87,99,95,87.65568200806081,1,4.468046427642402,0,1,0,1
S605,Student_605,Male,15,11,85,50,69,96.78293216141503,4,3.67707316700334,0,1,0,0
S606,Student_606,Male,16,12,89,75,88,82.90653384841008,2,2.792341949132306,0,0,0,0
S607,Student_607,Female,16,10,66,94,61,90.11393487562748,1,2.951600781117208,0,0,1,0
S608,Student_608,Female,15,10,79,69,98,81.24082833913108,1,1.8170258717455856,0,1,0,0
S609,Student_609,Other,17,10,58,72,66,81.4231135775582,2,3.507210520259376,0,0,1,1
S610,Student_610,Female,17,9,82,59,91,91.47731699354192,3,2.4349700421715545,1,1,1,0
S611,Student_611,Other,15,11,74,60,79,91.32036849775642,4,4.982580706697397,0,1,0,1
S612,Student_612,Female,15,12,63,90,78,97.56067025688914,1,2.9207340610475514,0,0,1,0
S613,Student_613,Male,16,12,60,90,68,91.15747351320148,3,2.9435424247584527,0,1,0,1
S614,Student_614,Other,15,9,84,54,95,99.195820408097,2,3.2634071496426875,1,1,1,1
S615,Student_615,Other,17,12,90,50,60,80.9738969679986,4,4.667024012474987,1,1,0,1
S616,Student_616,Male,15,12,63,66,83,81.96015369561482,4,4.203272399439001,1,0,1,1
S617,Student_617,Other,16,12,79,71,99,80.88131723140762,1,2.8045202791913657,1,0,1,1
S618,Student_618,Other,16,12,90,83,56,83.7055370066708,4,3.874797063891184,0,0,0,0
S619,Student_619,Female,16,11,53,94,93,90.82540221883356,4,3.3449419951230466,1,1,1,1
S620,Student_620,Other,16,12,53,90,83,92.91144362854855,4,2.969468194804996,0,1,1,0
S621,Student_621,Male,16,10,77,78,69,80.91170315897338,4,1.769263091137402,0,0,1,0
S622,Student_622,Female,15,9,57,53,99,98.919417796912,2,2.855745053819564,0,0,1,1
S623,Student_623,Female,15,11,51,54,87,96.84330753300762,3,1.9832743480902983,0,0,1,0
S624,Student_624,Male,15,12,90,60,73,85.93224964314186,2,4.659368599406619,0,1,0,0
S625,Student_625,Male,15,11,95,70,59,81.54375060452936,2,2.341627253985388,0,0,1,0
S626,Student_626,Female,16,12,71,84,81,83.39774146438114,1,4.809056058133489,1,1,1,1
S627,Student_627,Other,17,10,90,61,64,82.53888827509945,4,3.132221160378845,1,0,0,1
S628,Student_628,Female,15,9,65,75,86,82.46567558597894,2,3.526177514704641,1,1,0,1
S629,Student_629,Male,17,12,78,68,69,90.37123377331469,4,3.171761777957311,1,1,0,1
S630,Student_630,Female,15,12,98,94,52,84.916948849868,2,1.5175224678668036,1,0,1,0
S631,Student_631,Male,15,12,97,56,86,87.16279433058288,2,2.503284876031764,0,1,1,0
S632,Student_632,Female,17,12,79,96,89,99.79010666768644,1,1.3965844491104955,1,0,1,0
S633,Student_633,Other,16,9,61,56,57,93.68628497850688,3,3.491816176733527,1,1,1,0
S634,Student_634,Female,15,9,84,75,89,98.97961334094003,3,2.787496780801756,1,1,0,0
S635,Student_635,Female,15,10,60,89,93,82.85113110066231,2,4.111939886283747,0,0,0,0
S636,Student_636,Male,15,9,95,54,72,87.64278949665139,1,1.8818819239974796,0,1,1,1
S637,Student_637,Male,17,12,99,70,89,91.09463606564708,4,1.6582642337173397,0,0,1,0
S638,Student_638,Male,16,10,70,63,60,81.53516123777476,4,2.625328923855071,1,0,1,0
S639,Student_639,Female,17,10,70,53,95,80.08374887255916,2,4.706341532873525,1,0,1,0
S640,Student_640,Other,17,10,54,72,57,93.40868667593836,3,3.841687260049647,1,1,0,1
S641,Student_641,Male,16,12,97,91,78,92.8363903360287,1,2.6756944991716747,1,1,0,0
S642,Student_642,Male,17,11,69,69,79,88.21577619999223,3,3.0690886790172422,1,1,1,0
S643,Student_643,Female,16,12,86,64,59,89.79288152064065,4,1.3368520447083934,0,0,0,1
S644,Student_644,Male,15,9,52,99,88,88.30886001184179,3,4.938303585504452,1,0,1,0
S645,Student_645,Other,16,9,93,94,77,80.48010089689778,4,3.665629218779676,0,1,1,1
S646,Student_646,Other,15,12,82,78,98,86.70743212434925,1,2.14161627385369,1,1,0,1
S647,Student_647,Male,17,12,58,57,85,83.5416451079458,1,3.3432335768609773,0,0,1,0
S648,Student_648,Male,17,10,58,90,62,81.96848378202738,2,1.437929464275976,0,1,0,0
S649,Student_649,Female,15,12,53,97,81,99.134408677787,2,4.863346675230334,0,0,1,1
S650,Student_650,Other,17,10,84,68,85,91.98719450084332,3,1.6991399515334638,0,1,0,0
S651,Student_651,Other,16,9,66,97,86,94.57312568473203,1,3.5921212722208566,1,0,1,0
S652,Student_652,Male,15,10,83,88,75,86.30727486532236,1,1.9818178501557215,1,1,0,1
S653,Student_653,Female,17,12,73,95,71,87.8629425898803,2,3.870245530594143,1,1,1,1
S654,Student_654,Other,15,9,81,77,53,84.73847987793447,4,4.107285468961124,0,0,1,0
S655,Student_655,Other,16,11,50,95,80,81.93931341930849,3,3.6936789156457306,1,0,0,1
S656,Student_656,Female,16,10,57,76,67,83.58063274883168,3,3.45799784102077,1,0,1,0
S657,Student_657,Female,17,9,94,53,87,95.95028090592972,2,4.569876375808047,1,1,0,0
S658,Student_658,Other,16,10,72,64,73,93.55091610367552,1,1.3145068439590322,1,0,0,0
S659,Student_659,Other,15,9,96,84,72,90.93857751970954,2,2.3236590631207807,0,0,1,0
S660,Student_660,Female,16,9,89,86,71,89.50179745733536,2,1.993149918523384,0,1,1,1
S661,Student_661,Other,15,10,61,50,51,98.4486856731225,2,4.952055848261686,1,0,1,0
S662,Student_662,Male,15,11,61,52,80,81.45469895557336,2,2.557559118667494,1,0,1,1
S663,Student_663,Male,16,9,95,96,60,85.61201626475832,4,3.930450796961595,1,0,0,0
S664,Student_664,Female,17,9,96,73,77,86.99875707141427,4,3.7389006555240174,0,1,1,0
S665,Student_665,Female,16,9,64,76,95,95.64851624425576,1,1.848324949909511,0,1,1,1
S666,Student_666,Female,15,11,90,89,81,99.85029240323942,2,1.9559907208462053,0,1,1,0
S667,Student_667,Male,15,11,68,85,54,84.81341029514306,4,2.1251382542121364,1,0,0,1
S668,Student_668,Other,16,12,75,83,87,97.4861466827416,1,2.644509113037517,0,1,1,1
S669,Student_669,Male,17,10,78,78,59,96.61245520863582,2,1.9373002626021072,0,0,0,0
S670,Student_670,Other,17,11,71,73,89,84.49314795283533,3,1.0786059309873912,0,0,1,0
S671,Student_671,Male,15,10,89,73,95,87.98665160398446,4,4.517572227228782,0,0,0,0
S672,Student_672,Other,15,12,70,91,73,88.19345738585038,1,4.862439325523536,0,1,1,0
S673,Student_673,Male,17,10,87,53,84,99.56441337053116,3,2.366281548126272,1,1,1,1
S674,Student_674,Female,16,11,69,52,93,83.61783802757796,2,2.3540275177018914,1,0,0,0
S675,Student_675,Male,15,10,78,83,97,95.98315942209564,2,1.028367251097484,1,0,1,0
S676,Student_676,Other,15,11,53,98,72,86.6838542834622,2,3.721002753321496,1,1,1,0
S677,Student_677,Male,17,10,56,72,66,94.6174069155232,4,4.301759582994515,0,1,1,0
S678,Student_678,Male,16,11,77,72,50,88.40022008591326,1,1.5864332014400129,1,1,0,0
S679,Student_679,Male,17,11,77,94,80,91.5671952623308,3,1.638665397468603,1,0,1,1
S680,Student_680,Female,16,10,53,54,80,96.65223546652264,1,4.160332999885752,1,1,0,0
S681,Student_681,Male,16,12,71,80,91,96.08331129967767,4,3.465162993416578,0,1,0,1
S682,Student_682,Female,16,9,61,90,91,97.328463670794,1,1.179442230510868,1,1,0,0
S683,Student_683,Female,15,12,94,55,83,81.19234650689319,4,3.4901879618491267,0,0,1,0
S684,Student_684,Male,17,10,52,86,58,93.8410110607949,2,2.2356708913750643,0,1,0,0
S685,Student_685,Male,17,12,71,59,71,82.79974753443526,3,2.474900621883384,0,0,0,1
S686,Student_686,Male,16,11,93,89,62,88.31637136036822,2,4.078925673187521,1,0,1,0
S687,Student_687,Other,15,9,51,56,74,90.97176830109376,1,4.243740770690442,0,0,0,1
S688,Student_688,Male,15,10,73,88,97,88.05478969493662,2,2.6014265073593226,1,1,0,1
S689,Student_689,Female,17,10,83,87,67,90.39223351606014,3,4.788611744025419,1,1,1,0
S690,Student_690,Male,15,10,76,70,61,99.93052617597236,2,2.625850871808289,1,1,1,1
S691,Student_691,Other,15,9,90,69,89,82.70434627425709,3,4.08734414092044,0,0,0,0
S692,Student_692,Male,16,11,50,52,66,93.50912090672853,3,2.935509058257036,0,1,1,0
S693,Student_693,Other,15,10,57,71,64,87.92001932771231,2,4.590129306088336,1,0,1,1
S694,Student_694,Other,16,12,72,96,91,82.66019597814658,4,4.631044974600714,0,1,1,0
S695,Student_695,Male,17,10,87,53,64,83.17473526748618,1,1.3496672314843354,0,1,0,0
S696,Student_696,Female,15,10,55,77,64,98.98546212491236,4,4.745973325240903,0,1,0,1
S697,Student_697,Other,17,10,71,61,88,97.59202993423524,4,4.302139366081663,1,1,1,1
S698,Student_698,Male,17,10,74,87,62,98.14083920830043,2,4.165242857250668,0,0,0,1
S699,Student_699,Male,15,11,67,85,66,99.83065551654772,1,1.8036453587420895,0,0,1,1
S700,Student_700,Female,15,12,66,96,81,84.16630780017036,1,4.22047683501866,1,0,1,1
S701,Student_701,Other,17,11,61,90,58,87.10878674728123,4,4.400530938740147,0,0,1,1
S702,Student_702,Other,15,12,55,54,89,93.38438059849732,2,2.156601337816604,1,1,1,0
S703,Student_703,Male,16,10,75,62,69,89.67605079721295,1,4.809040313449295,0,0,1,1
S704,Student_704,Male,16,9,76,72,75,88.36779066756667,4,1.199440585596657,0,0,0,1
S705,Student_705,Female,15,11,57,99,76,87.15622498671186,1,1.5996370129885586,0,0,0,0
S706,Student_706,Female,17,9,68,79,70,91.87561263886904,2,3.150324552206057,0,1,0,0
S707,Student_707,Other,15,11,91,86,67,91.51186857280165,2,3.3031698844892388,0,0,0,1
S708,Student_708,Other,15,10,50,74,62,83.2291566812848,2,3.5806003332036136,0,0,1,1
S709,Student_709,Male,17,11,78,97,65,89.43479675036878,1,1.0678765172618658,1,1,1,0
S710,Student_710,Other,17,10,94,76,58,91.069435524197,3,4.841467098488521,0,1,0,1
S711,Student_711,Female,16,11,98,63,61,91.4057387746278,1,1.178352370936576,0,0,0,1
S712,Student_712,Female,17,10,84,97,93,84.20214385824704,3,1.5722478108936095,0,0,1,0
S713,Student_713,Male,16,10,89,96,87,94.84542784504572,2,1.056058070104228,1,1,1,1
S714,Student_714,Female,17,12,63,85,68,80.5039818964214,4,3.2674337331763788,1,0,1,0
S715,Student_715,Female,15,10,84,88,56,87.09663711086326,3,4.729067535683889,1,1,0,1
S716,Student_716,Female,16,12,97,65,84,95.60425297071268,2,3.663788664321857,0,0,1,0
S717,Student_717,Female,16,10,94,71,97,91.27785842110804,2,4.290629873921709,0,0,1,0
S718,Student_718,Male,16,9,69,70,67,85.2232486502172,3,1.0531248138343203,1,0,0,0
S719,Student_719,Male,15,10,98,70,65,93.89906238686096,4,3.1680611939189043,1,0,0,1
S720,Student_720,Other,15,9,62,57,88,91.34781888312146,2,2.8382519100220875,1,0,0,0
S721,Student_721,Female,15,9,87,98,53,95.92487218912774,3,2.995871776883172,0,1,1,1
S722,Student_722,Other,15,10,98,65,74,94.70050372379649,4,1.2888527413407518,1,1,1,0
S723,Student_723,Male,15,9,95,80,81,92.20215844072467,4,3.73774144427723,0,0,0,0
S724,Student_724,Male,16,12,98,91,89,89.76355350621628,2,3.012881659434538,0,0,1,0
S725,Student_725,Male,15,11,57,59,62,82.66364251335047,1,4.060595399445056,0,0,1,1
S726,Student_726,Male,16,10,92,81,94,85.22666035770767,1,2.9411625362468614,1,1,1,1
S727,Student_727,Male,15,9,69,83,66,88.3819894583417,2,1.5975265449057283,0,1,0,0
S728,Student_728,Male,17,10,82,58,98,91.98598574012776,4,3.593027816311288,1,1,0,1
S729,Student_729,Male,16,12,75,66,86,90.2741571043061,2,1.689545448420665,1,1,1,1
S730,Student_730,Female,17,10,88,60,55,85.76369051919059,3,4.48957825341926,1,1,1,1
S731,Student_731,Other,16,10,70,81,68,80.12928715579422,1,3.452464956276966,1,1,1,0
S732,Student_732,Male,17,9,98,59,62,89.92478443801627,3,1.628815534227817,0,1,1,1
S733,Student_733,Female,15,12,91,71,75,85.71251977124486,2,4.849352229924827,0,1,0,0
S734,Student_734,Female,15,11,92,66,63,94.6921660142107,2,3.0734618533412825,0,0,0,0
S735,Student_735,Other,15,11,90,53,80,80.47892530540967,4,1.29159380748662,0,1,1,0
S736,Student_736,Male,16,9,58,97,53,91.69655622611582,4,3.507331617660269,1,1,1,1
S737,Student_737,Other,17,10,73,96,88,98.82948475012132,4,2.012795628051241,1,1,0,0
S738,Student_738,Male,15,9,86,74,57,83.48818534223,3,4.21477380750921,1,1,1,1
S739,Student_739,Female,17,9,98,70,74,89.43298981501191,4,4.271288294264762,1,0,0,1
S740,Student_740,Female,17,9,90,86,62,81.82843983634277,2,4.915789423418648,0,1,1,0
S741,Student_741,Female,15,10,66,87,81,92.51363824522706,4,3.007478124098015,1,0,0,0
S742,Student_742,Female,15,12,73,98,87,91.0106336119245,1,2.8198275189109485,0,0,1,0
S743,Student_743,Other,17,9,70,50,87,88.14731048425665,4,4.0139024217859225,1,0,1,1
S744,Student_744,Male,15,10,88,74,77,90.42754042947482,3,1.5298826253677065,1,1,0,1
S745,Student_745,Male,15,12,90,85,79,97.9314931693802,1,3.187662055172497,1,1,0,0
S746,Student_746,Other,15,9,88,66,52,83.92588604622134,1,3.184990400523404,1,1,1,0
S747,Student_747,Male,16,11,62,90,77,80.45129023410695,1,1.3578924912415489,0,0,1,1
S748,Student_748,Female,17,12,60,73,52,97.23329769398202,3,2.6719363420276543,0,0,0,1
S749,Student_749,Male,17,9,95,51,94,91.54234164775814,2,4.413139194268808,0,0,0,0
S750,Student_750,Female,16,12,68,89,83,97.81316910923684,4,4.424614487978641,0,0,1,1
S751,Student_751,Other,17,12,60,64,65,91.93890446826344,1,1.396950659678724,1,1,1,1
S752,Student_752,Male,15,12,62,81,71,96.20322179919404,1,1.3628835309913234,1,1,0,1
S753,Student_753,Other,17,12,95,88,81,88.59346726710297,1,2.050781908007741,0,1,0,1
S754,Student_754,Male,15,12,94,55,87,94.99719862576538,2,4.499064250215974,0,0,0,1
S755,Student_755,Female,16,12,50,50,57,98.26082933779712,2,1.5156103402939958,1,0,0,1
S756,Student_756,Other,15,9,89,96,57,91.44245927444412,3,3.879987210509785,1,1,0,0
S757,Student_757,Male,17,11,93,72,55,83.61570301124759,2,1.4046624784524129,0,1,1,1
S758,Student_758,Female,17,10,68,88,63,85.37595230060396,4,3.492551414991301,0,0,1,0
S759,Student_759,Other,17,12,61,66,81,83.97289153794812,3,2.4242691964765792,0,1,0,0
S760,Student_760,Other,16,10,57,83,84,84.93714055191465,3,4.155655851863468,1,1,1,1
S761,Student_761,Male,16,9,57,90,59,86.12830898702073,4,1.9347617953014544,0,0,1,0
S762,Student_762,Male,17,12,94,78,52,91.10267573506376,4,3.55680731755984,0,0,0,0
S763,Student_763,Male,15,11,61,58,61,91.75983258927666,4,1.94273013830354,0,0,1,0
S764,Student_764,Female,16,10,97,62,98,88.52999494483723,3,3.854641132448615,0,1,1,1
S765,Student_765,Male,17,12,82,55,80,92.30841559641672,3,4.494712138242996,0,0,1,0
S766,Student_766,Other,17,9,94,55,78,81.63149851222732,3,1.5072071965070402,1,1,0,1
S767,Student_767,Other,16,11,75,69,54,81.7557647411632,4,4.466382754382014,0,1,0,0
S768,Student_768,Male,16,10,88,52,74,83.43658920715316,4,3.374301017657192,1,0,1,0
S769,Student_769,Male,16,10,77,66,90,90.3615499608069,1,1.508441963468096,0,1,1,0
S770,Student_770,Other,15,12,54,98,80,84.27989357396628,2,2.710167421438848,0,0,1,0
S771,Student_771,Female,15,11,57,61,70,85.66568806985154,1,1.6434411739403916,0,0,1,1
S772,Student_772,Male,17,11,74,97,69,88.00625672345988,4,3.801391555466278,1,1,1,0
S773,Student_773,Male,16,11,76,96,88,96.2373224802076,3,4.035472537671799,1,1,1,0
S774,Student_774,Other,15,11,95,94,71,80.2772427182572,4,1.4231860810911958,1,0,0,1
S775,Student_775,Male,16,9,72,50,53,92.98757640473244,2,3.0245594107785774,0,0,1,1
S776,Student_776,Female,17,11,79,66,62,93.3775306208137,1,4.258500224103669,0,0,1,1
S777,Student_777,Other,15,10,94,52,94,95.97311560713273,1,4.744652166203986,1,0,0,0
S778,Student_778,Male,15,10,96,75,91,98.65505878120626,3,3.05407146696708,1,0,1,1
S779,Student_779,Other,15,9,72,64,99,80.40275697898579,1,4.801116894445628,0,0,1,1
S780,Student_780,Male,17,10,98,85,98,83.07567411026433,1,3.1427558818241192,1,1,1,1
S781,Student_781,Male,16,10,96,81,69,97.72342588111988,4,2.576761978399632,0,1,1,1
S782,Student_782,Male,15,11,69,81,62,89.1703712437403,1,4.392812514211582,1,1,0,1
S783,Student_783,Female,17,10,67,53,66,91.29181277866928,1,2.971930841832356,1,1,1,1
S784,Student_784,Female,16,9,67,67,85,93.26054407446294,1,2.887610042258092,1,0,0,0
S785,Student_785,Other,17,11,51,98,82,93.58133208991276,3,2.961249957639313,0,1,1,1
S786,Student_786,Male,16,12,53,68,50,98.63480806633017,3,4.3871400074789815,0,1,1,0
S787,Student_787,Male,17,11,79,92,64,99.9389883482334,4,4.327766166752209,1,0,0,1
S788,Student_788,Female,16,9,82,84,62,94.4031492186188,1,2.614079969760845,0,1,1,1
S789,Student_789,Male,15,11,85,89,66,85.74442418410301,3,2.3331994394821,0,0,0,1
S790,Student_790,Female,16,11,67,63,73,97.59504804588688,3,2.967712096156517,0,0,0,0
S791,Student_791,Male,17,9,86,82,57,80.98441829081523,4,3.291090038948436,0,0,0,1
S792,Student_792,Other,17,11,68,63,99,84.62161705748993,2,1.953348842511988,1,0,1,1
S793,Student_793,Male,16,9,96,83,76,97.94771434927428,1,4.175820338862362,0,0,1,1
S794,Student_794,Male,15,9,77,53,94,85.1238302887871,3,2.9459310629296915,0,1,1,1
S795,Student_795,Female,15,12,89,73,72,84.41302119243497,4,2.3361821936798384,1,1,1,0
S796,Student_796,Male,16,10,69,78,95,82.76250586280494,4,1.4272839718559625,0,1,0,0
S797,Student_797,Male,16,10,98,68,57,97.18223515293832,4,1.955380641614428,0,0,1,0
S798,Student_798,Female,17,11,82,55,57,90.00116518382174,3,4.797124687023935,0,1,1,0
S799,Student_799,Other,15,11,61,82,75,93.49786406108308,1,2.2203987472781064,1,1,0,0
S800,Student_800,Other,16,12,64,98,96,84.7813276815006,2,1.6754371574681413,1,1,0,1
S801,Student_801,Female,15,12,90,89,62,95.16080842022431,1,2.842691166619973,0,1,1,1
S802,Student_802,Female,16,12,88,68,88,95.20011089924196,4,2.2283509734409948,0,0,0,1
S803,Student_803,Female,16,9,51,50,86,86.251960498166,4,1.1406370010847766,1,1,0,0
S804,Student_804,Female,15,12,78,54,98,88.21365266020565,2,2.292580869117669,1,0,0,1
S805,Student_805,Female,16,12,90,76,77,84.19380554860402,1,3.1764344957578743,1,0,0,0
S806,Student_806,Other,16,11,59,65,74,99.53122046645808,4,3.206849488079868,0,1,0,1
S807,Student_807,Other,17,12,51,55,65,92.91205154116824,4,2.426235684707555,0,0,1,0
S808,Student_808,Female,16,9,60,89,51,98.69087761431032,1,2.7892110250104025,1,0,1,1
S809,Student_809,Male,16,9,62,62,67,86.06771087258267,4,4.862071672939066,0,0,1,1
S810,Student_810,Female,16,11,59,97,66,95.6378182599378,1,2.5093939089212465,0,0,1,1
S811,Student_811,Male,17,12,63,84,79,95.31717287769484,4,2.032907253039932,0,0,1,1
S812,Student_812,Female,15,12,67,68,88,93.83311303733085,1,1.9738681762670405,0,0,1,0
S813,Student_813,Female,17,9,58,61,62,99.312779505336,2,2.8310584508165366,0,0,1,1
S814,Student_814,Other,17,12,88,65,81,87.87110672212631,4,4.038080594867776,0,1,0,1
S815,Student_815,Male,15,12,77,92,99,82.61434647179514,2,1.8239527367538928,0,1,1,1
S816,Student_816,Male,17,12,52,59,78,93.4341771848812,4,3.837184508563072,1,0,1,0
S817,Student_817,Other,15,10,69,74,95,94.58619600954412,4,1.0845992933976651,1,0,1,1
S818,Student_818,Other,17,11,55,69,79,91.5012114691763,3,2.675731911935784,1,1,0,1
S819,Student_819,Other,15,10,76,80,67,84.13635786266792,1,4.103460260811147,1,1,1,1
S820,Student_820,Other,16,11,51,53,62,90.0891188333871,2,2.3549318230977256,1,1,1,1
S821,Student_821,Male,17,9,78,93,92,86.2437947313826,2,3.254948405781598,1,1,0,1
S822,Student_822,Male,17,12,87,72,70,88.54933056333378,2,1.8199169313036432,1,0,1,0
S823,Student_823,Female,17,11,52,51,79,92.90437151689328,1,3.967981564504689,1,0,1,0
S824,Student_824,Female,17,10,65,71,70,94.9042948538167,3,1.2091164130750385,1,1,0,0
S825,Student_825,Other,16,12,79,86,97,84.64449381802686,2,4.410170579502001,0,1,1,1
S826,Student_826,Other,17,9,89,57,66,88.10650721293906,1,1.7927855456866726,0,1,0,0
S827,Student_827,Other,16,11,51,56,89,85.38323141983258,4,4.497592126833323,1,1,1,1
S828,Student_828,Female,16,11,66,63,68,83.97263227723738,2,2.4101169652020693,0,0,1,1
S829,Student_829,Female,16,11,90,52,64,95.66774439991676,2,3.8907342978979456,0,1,1,1
S830,Student_830,Female,16,12,61,99,58,98.18505388873984,3,2.276901191144754,1,1,0,1
S831,Student_831,Female,15,10,84,65,59,87.40464371369154,2,4.62364668493859,1,1,0,0
S832,Student_832,Female,15,10,92,68,93,95.02557848747534,2,1.5065485020734974,1,0,0,0
S833,Student_833,Female,17,11,50,67,80,97.93990578728824,4,1.7140791570903948,0,0,1,0
S834,Student_834,Female,15,9,94,65,72,96.92248421060464,1,2.972120500635209,0,0,1,1
S835,Student_835,Other,15,9,64,57,79,83.65626777078452,1,1.3277537561525845,1,1,0,0
S836,Student_836,Other,17,10,75,82,82,99.12583763026724,3,1.7839207388070475,0,1,0,0
S837,Student_837,Other,17,9,86,98,58,87.53352880858925,4,4.7750655288480575,0,1,1,1
S838,Student_838,Other,17,10,70,61,96,86.78481322347673,1,4.905958644591548,0,0,1,0
S839,Student_839,Female,15,11,98,60,50,81.24862654555561,4,2.505037317321688,1,0,1,1
S840,Student_840,Male,15,10,80,54,93,89.72347308209766,1,4.693144084055742,0,1,1,0
S841,Student_841,Female,17,10,74,76,84,82.18027231281857,4,3.179298702693727,0,1,0,0
S842,Student_842,Male,16,11,72,61,60,84.97079641854852,3,2.078969863495068,0,0,1,0
S843,Student_843,Other,17,9,73,66,83,86.33885243534563,2,3.8095948843223946,0,1,1,1
S844,Student_844,Female,16,10,87,55,65,96.17652646983368,3,3.635607226299429,0,1,1,0
S845,Student_845,Other,16,10,77,82,58,97.50977300791791,1,4.956501276434933,0,1,1,0
S846,Student_846,Female,17,11,70,54,81,86.04932634922939,3,2.060189149637133,0,0,1,0
S847,Student_847,Other,17,9,92,77,64,97.17396242489149,2,3.6882380106469417,1,1,1,0
S848,Student_848,Male,17,10,67,63,61,97.14461874739582,3,1.2080950201177876,1,1,1,1
S849,Student_849,Male,15,11,85,54,82,95.29301900769748,1,1.4545841547868776,0,1,0,1
S850,Student_850,Male,16,10,84,82,94,82.93390228030363,1,1.015673499804373,1,1,0,0
S851,Student_851,Female,15,12,94,99,63,93.80645693801458,3,4.9978427242386925,0,0,0,0
S852,Student_852,Male,15,11,58,97,57,98.90048129161136,2,4.209094788589911,0,0,1,0
S853,Student_853,Female,17,9,87,90,57,93.65080957534316,3,4.146892058934164,0,0,0,1
S854,Student_854,Male,15,9,79,68,76,86.63233698215667,2,3.038904301152719,1,1,1,0
S855,Student_855,Male,17,9,93,71,61,90.01158634861662,4,2.20026833162176,0,0,1,0
S856,Student_856,Female,16,9,83,54,50,92.91450086702108,2,1.6050571378507037,0,1,1,1
S857,Student_857,Female,17,10,81,51,92,90.21140817457008,4,2.138698955385854,1,0,1,1
S858,Student_858,Male,15,10,52,79,89,82.3990588346194,3,2.5038848877165565,1,1,0,1
S859,Student_859,Female,15,9,52,96,91,86.24128089304041,2,4.025240387921176,0,0,1,0
S860,Student_860,Male,17,9,77,88,60,96.04792061107266,4,3.1586471556126097,1,0,1,1
S861,Student_861,Female,17,9,93,53,88,97.22836092191037,4,1.3099345062219308,1,0,0,1
S862,Student_862,Other,15,10,64,82,92,82.7460006543114,4,1.072116035835649,0,1,0,0
S863,Student_863,Other,16,9,90,62,80,99.0477350479745,1,1.4093287181362526,0,1,0,1
S864,Student_864,Other,16,9,72,69,66,86.57645235697218,3,2.6419948547895173,0,1,1,0
S865,Student_865,Other,17,12,89,56,82,93.2462747746144,4,4.732771668196073,1,0,0,0
S866,Student_866,Other,16,12,60,64,81,95.03650291913362,2,3.5496099248368864,1,1,1,1
S867,Student_867,Male,15,9,97,72,78,96.23892469275766,4,4.20730359950206,1,1,1,0
S868,Student_868,Other,17,11,81,63,70,98.9149940445186,1,2.865498378018194,0,1,0,1
S869,Student_869,Other,15,9,85,72,70,86.25839096057645,3,2.446664332780171,1,1,0,1
S870,Student_870,Other,15,12,82,68,89,97.17012909103109,1,1.433601490866491,1,1,0,1
S871,Student_871,Other,16,11,73,78,72,82.63373806872414,1,4.50373208874482,0,1,1,0
S872,Student_872,Female,17,11,88,69,55,94.10081812707185,1,4.132640116111611,0,0,1,1
S873,Student_873,Male,17,9,83,78,71,94.83955459027972,2,1.6724723903909005,0,0,1,0
S874,Student_874,Other,16,12,77,73,99,93.5544648240264,3,3.049042255505042,1,1,1,0
S875,Student_875,Other,15,12,86,67,87,85.04629472270307,3,2.9494992316849795,0,0,1,0
S876,Student_876,Other,15,11,56,59,86,97.46086294030408,2,3.5003662107461144,1,0,1,1
S877,Student_877,Male,15,9,53,90,94,83.3771692674079,3,4.784747575965045,1,1,0,0
S878,Student_878,Female,15,10,86,57,57,81.07269583041662,1,3.3190857670499185,0,1,1,0
S879,Student_879,Male,17,10,50,75,90,94.34929981223824,3,3.1608690671144744,0,0,0,1
S880,Student_880,Female,17,12,50,78,98,89.50951430465467,2,1.2012917317386558,0,1,0,1
S881,Student_881,Other,16,10,96,59,84,96.98196039917352,1,1.2516299040720955,0,0,0,0
S882,Student_882,Other,16,12,69,66,60,87.66794282116518,2,1.7493871653071555,0,0,0,0
S883,Student_883,Male,17,12,68,51,73,83.36557177015426,4,1.1298830867669931,1,0,0,1
S884,Student_884,Male,17,12,78,55,98,96.7288438493974,1,3.9734115822800495,1,1,1,0
S885,Student_885,Female,15,10,59,54,70,90.97819263280144,1,3.893321215975853,1,0,1,0
S886,Student_886,Female,15,12,67,77,51,83.7839158478071,3,1.5442249377265718,0,1,1,0
S887,Student_887,Male,16,11,77,90,89,94.40767997172892,1,4.344315603181124,1,1,1,0
S888,Student_888,Female,17,9,84,54,68,90.22227276979,2,1.619144139384448,0,1,0,1
S889,Student_889,Male,16,9,92,67,88,92.0862596448064,3,2.204702347989435,0,1,0,0
S890,Student_890,Female,17,12,96,75,77,89.21796676413163,4,1.99590759664546,1,1,0,1
S891,Student_891,Male,15,9,80,69,66,96.57417967636012,2,2.489228394292191,1,0,1,0
S892,Student_892,Male,16,10,76,90,55,96.591254313661,4,2.0186550635598475,0,1,1,1
S893,Student_893,Male,16,10,60,98,68,94.18777643648772,4,2.955803705753808,1,1,1,0
S894,Student_894,Female,17,9,98,76,87,82.10802754792924,4,2.6296315254187417,0,1,1,1
S895,Student_895,Female,15,10,98,98,77,96.77707723808138,1,4.946277963117306,1,1,0,0
S896,Student_896,Female,16,9,87,61,51,93.4202596106582,2,1.2237054005129029,1,1,0,1
S897,Student_897,Male,15,9,54,56,87,93.940483320086,2,1.5687255055494065,1,0,1,0
S898,Student_898,Female,16,9,57,52,86,87.25965680807744,1,1.21130357563441,1,1,1,0
S899,Student_899,Female,15,12,83,59,53,97.58559112314012,3,3.503364779929503,1,1,0,1
S900,Student_900,Male,17,9,97,83,71,94.50743200469716,4,1.2180371096548783,0,0,0,1
S901,Student_901,Other,16,12,61,74,75,82.2518093305839,2,4.345758949504493,1,1,0,1
S902,Student_902,Male,16,9,87,84,98,88.15556068812326,1,3.047754522727711,1,0,0,1
S903,Student_903,Female,15,9,50,65,92,97.72760723920284,4,3.108030498326135,1,0,1,1
S904,Student_904,Male,15,9,80,51,85,80.94393403394758,3,3.246378030848777,0,0,0,0
S905,Student_905,Other,16,10,53,73,62,99.228332392841,3,1.683254825224843,0,0,0,1
S906,Student_906,Male,17,12,98,59,81,93.58325136639124,4,1.7907612124579502,0,1,0,1
S907,Student_907,Female,15,12,94,87,66,92.62751955286754,3,2.2752692914920187,0,1,0,0
S908,Student_908,Other,15,9,99,71,90,85.41118512975983,2,3.3739856632874057,0,0,1,1
S909,Student_909,Female,15,9,54,75,85,84.97583577478355,2,1.840471103760858,1,0,1,1
S910,Student_910,Other,16,10,79,92,95,98.8411643897719,2,1.465326908533045,1,1,1,1
S911,Student_911,Other,16,10,73,88,68,85.96544908468246,3,4.880467545673729,1,0,1,0
S912,Student_912,Male,16,10,52,76,84,95.51010593438,2,1.0879272592384917,0,0,1,1
S913,Student_913,Male,16,12,60,78,95,87.86243596414158,1,4.210789621344087,0,0,1,0
S914,Student_914,Female,17,12,94,96,89,82.78508141569408,2,4.152140598300088,1,1,0,0
S915,Student_915,Male,17,12,53,87,77,80.21430595390719,2,2.188856455380384,0,0,0,1
S916,Student_916,Male,16,9,75,69,50,90.88514674030502,3,1.5425064640292536,0,1,0,0
S917,Student_917,Other,17,12,76,76,91,99.51557637097864,2,1.5825145868216937,0,1,0,1
S918,Student_918,Male,15,11,95,90,67,87.38272387618409,4,3.78972646894877,1,1,1,1
S919,Student_919,Other,15,11,92,69,97,87.1438466798609,1,3.571226364344694,1,0,0,1
S920,Student_920,Other,15,10,76,93,89,86.88183235698884,3,4.130982697005547,0,0,1,1
S921,Student_921,Other,16,12,91,68,82,90.41087674609716,1,4.749924689596419,0,1,0,1
S922,Student_922,Female,15,11,99,69,61,88.81329766848587,4,3.767709453066368,0,1,0,0
S923,Student_923,Female,17,10,55,84,57,97.59829253454028,3,1.6234061462057738,0,1,0,0
S924,Student_924,Female,16,12,64,96,73,90.1104158344698,3,1.9737704670616427,1,0,1,0
S925,Student_925,Other,17,9,79,51,65,90.15515676377136,2,4.368774923492458,0,0,0,0
S926,Student_926,Female,15,11,91,79,99,82.76743189441113,1,1.8372243033368345,1,1,1,1
S927,Student_927,Female,15,9,86,83,53,99.65479081820772,4,1.2900892678179257,1,1,1,1
S928,Student_928,Male,15,12,86,71,87,84.9994578173766,4,3.813120216169002,1,0,0,0
S929,Student_929,Female,16,11,91,52,93,81.46728134919205,3,2.610105421960568,0,1,1,1
S930,Student_930,Female,17,12,86,55,76,93.26292497950418,2,4.680160210183614,1,0,1,0
S931,Student_931,Other,16,9,84,64,58,91.90732740313746,3,3.601020284374646,1,0,0,0
S932,Student_932,Other,16,11,72,76,96,88.30291307985492,3,1.361675911166643,0,1,0,0
S933,Student_933,Other,15,9,55,59,65,88.44384467761355,3,4.791426269014643,0,1,0,0
S934,Student_934,Other,16,12,53,58,61,95.70127842092862,3,2.034229054560984,0,0,0,1
S935,Student_935,Other,16,12,67,82,80,83.91425280199299,4,2.348849961625143,1,0,0,1
S936,Student_936,Other,15,9,58,81,73,96.4050663788978,4,2.609041654734168,0,0,0,0
S937,Student_937,Female,16,11,98,97,63,92.97494227790035,3,1.204897185617253,1,0,1,0
S938,Student_938,Other,15,9,78,55,94,88.37939547559048,3,2.9860616889224194,1,0,0,0
S939,Student_939,Other,15,12,62,90,74,89.16057233167737,2,1.493273964301169,0,1,0,0
S940,Student_940,Male,15,9,96,85,83,85.13294414372191,3,2.603881306753407,1,0,1,0
S941,Student_941,Female,15,12,66,51,52,95.0422866539395,4,2.402839151968337,1,0,0,1
S942,Student_942,Female,16,9,94,78,73,90.25749484610536,1,4.091360333706014,1,0,1,0
S943,Student_943,Female,15,11,81,53,91,86.41709085499687,4,4.212682046530924,1,1,0,0
S944,Student_944,Other,15,11,97,50,58,91.921002315219,2,1.613651529556352,0,1,0,1
S945,Student_945,Other,16,9,71,68,75,99.91468904102646,4,2.466204749516905,1,0,1,1
S946,Student_946,Other,16,9,53,75,69,88.70524559313108,1,2.4934126441273268,0,0,0,1
S947,Student_947,Male,17,11,54,74,89,98.4138280155724,3,1.6056417757443402,1,1,1,1
S948,Student_948,Other,16,12,86,59,59,86.90033679849132,1,4.193814020204762,1,1,0,1
S949,Student_949,Male,16,11,90,64,68,81.09465413849972,3,3.828913313341693,0,1,0,1
S950,Student_950,Female,17,12,98,71,52,84.08484212736857,3,1.761527145188139,1,1,1,1
S951,Student_951,Other,16,9,62,97,73,88.37390286655369,4,2.466887634375196,1,0,0,1
S952,Student_952,Male,16,9,83,70,54,84.39269857189137,4,1.4232200994260569,1,1,0,1
S953,Student_953,Male,16,12,94,71,52,80.00454076436512,4,3.512826388372176,1,0,1,0
S954,Student_954,Other,16,9,71,85,76,98.30003075495054,2,1.485487698194479,1,0,0,1
S955,Student_955,Female,17,12,72,83,65,96.87758822461858,4,4.943736674499672,1,1,1,0
S956,Student_956,Female,16,10,52,79,98,94.84584462973892,2,4.122728298751449,0,1,0,0
S957,Student_957,Female,16,11,91,74,64,83.35629191292057,4,2.5609541983359803,0,1,1,0
S958,Student_958,Male,17,10,83,94,84,82.40727152419971,3,3.3142557291174177,0,1,0,0
S959,Student_959,Male,15,12,81,77,61,81.35209498944766,2,4.6453672648656354,1,0,1,0
S960,Student_960,Male,17,11,94,50,90,94.48058377545844,1,3.2163971215833045,1,0,1,0
S961,Student_961,Male,15,12,98,98,93,98.5761592137577,2,1.6979939455918207,1,0,0,0
S962,Student_962,Female,17,11,70,94,75,88.61071641826074,2,2.514813422324637,0,1,0,0
S963,Student_963,Other,17,11,95,53,96,82.38281343992097,1,4.372579460118981,1,0,1,1
S964,Student_964,Male,16,11,93,56,83,90.24785641464211,2,3.576852063958472,0,1,0,0
S965,Student_965,Male,15,11,70,98,72,86.9766381491726,3,3.602897537335201,1,0,1,0
S966,Student_966,Female,16,12,93,58,80,87.49649848699995,4,4.467285942753957,1,1,0,0
S967,Student_967,Other,15,11,60,85,99,92.42661248311414,1,4.575892229850019,1,0,0,0
S968,Student_968,Other,17,11,88,68,69,94.37436226524405,4,4.679170287117746,0,0,1,1
S969,Student_969,Female,17,10,53,50,61,82.21207197746321,3,1.3793967730126244,1,1,1,0
S970,Student_970,Female,15,9,50,59,72,80.71180461612953,1,3.176504007852404,0,0,0,1
S971,Student_971,Other,16,9,77,85,53,99.8866060537143,4,3.9620380848732735,1,0,0,1
S972,Student_972,Male,16,10,73,58,72,84.65456697831104,4,4.027707380508055,1,1,0,0
S973,Student_973,Other,16,10,84,94,97,81.07661049816919,3,3.4268648078800155,0,1,0,0
S974,Student_974,Female,16,12,62,95,97,83.7975065819184,4,1.667149340734697,1,1,0,1
S975,Student_975,Male,17,12,96,91,50,80.77915692696928,3,4.189682215766657,1,1,1,0
S976,Student_976,Male,17,12,83,81,74,87.83621789234343,2,3.880445334059783,1,1,0,0
S977,Student_977,Female,17,10,60,81,51,96.04803568902648,3,1.3445430861961452,1,0,0,1
S978,Student_978,Female,17,10,85,55,79,86.82488899515441,2,2.855239298697505,0,1,1,1
S979,Student_979,Female,17,11,66,97,52,88.88366813756733,1,1.6959095980872143,0,0,1,0
S980,Student_980,Other,16,12,84,87,70,93.51173547134876,4,2.3499081828518875,1,0,1,0
S981,Student_981,Other,16,12,67,66,74,90.1778814013976,3,1.0723243688227415,1,1,0,0
S982,Student_982,Male,16,12,89,59,69,97.22891372042648,3,2.601319473643033,0,0,1,1
S983,Student_983,Female,16,9,71,99,98,97.32071350091512,4,3.199507684624842,1,0,1,0
S984,Student_984,Male,17,11,73,76,71,80.19821390982307,4,3.4783303713083478,0,1,1,1
S985,Student_985,Male,17,12,68,99,70,95.56092612966398,1,3.65396138051484,1,0,1,1
S986,Student_986,Male,17,12,86,84,82,89.21467200483347,1,4.34516525240984,0,1,0,0
S987,Student_987,Male,15,12,88,70,87,99.77681082607326,3,1.86185162910292,0,1,0,1
S988,Student_988,Female,16,9,70,74,64,89.6646415175087,1,1.4819272897538718,0,1,0,0
S989,Student_989,Male,16,9,57,77,95,99.73791890776596,2,4.406148687591703,0,0,1,0
S990,Student_990,Female,17,10,77,96,64,95.09138722411473,1,1.6264512595705996,1,0,1,1
S991,Student_991,Female,16,11,54,64,95,84.97209769226613,1,4.899040325344782,1,0,1,0
S992,Student_992,Other,16,10,66,53,74,90.76789958573916,3,4.370152917594548,0,0,1,1
S993,Student_993,Female,17,11,86,78,70,99.84271278957166,2,3.0035064235583966,0,1,1,1
S994,Student_994,Other,15,9,85,58,73,97.15061215503847,1,4.925685699688101,0,0,1,0
S995,Student_995,Female,15,12,68,76,54,81.94733787582442,2,1.3895069164320168,0,1,0,0
S996,Student_996,Female,15,10,76,75,55,94.12743993619992,2,2.2122630447004066,1,0,0,0
S997,Student_997,Female,17,12,83,68,98,86.91159171741626,2,3.552897660162446,0,0,1,0
S998,Student_998,Other,16,10,60,77,92,80.13964523760696,4,2.400027473892715,0,0,0,1
S999,Student_999,Other,17,9,94,66,97,88.06961938053999,4,4.713490207923167,0,0,1,1
S1000,Student_1000,Male,17,9,96,92,93,84.69508843449943,4,1.2625043527112705,0,0,1,1
